rowNum,PC1,PC2
1,-0.44416598452875,3.38138995541523
2,-0.349215728439582,2.50808632376026
3,-1.4360463093015,-2.84629927243083
4,-0.17925590598697,0.121796751764924
5,-0.382768696003628,-1.40655268866685
6,-0.934770850537745,-0.103185855361007
7,-1.50706839530377,-1.36370330098557
8,-0.431557942477473,3.21271179669906
9,-1.94526053642736,-0.89404818301769
10,-0.169557028835213,2.77768238510695
11,-0.62887761342752,-0.965141526538929
12,-1.11037082330834,1.62099585791157
13,-1.68326326184367,-0.955652640992532
14,-0.37342895977299,-1.56039352135834
15,-1.19196416044474,-1.05885941091711
16,-2.05492966302034,-0.996916837892285
17,-1.60908045714493,-0.268356847821692
18,-0.775907840681031,-0.511220872814193
19,-1.46863407747637,-0.16732046597217
20,-1.129612619124,1.37617207967843
21,-0.937701084457034,-1.22716243669339
22,-1.50872194999421,-0.370892935779881
23,-0.615038175196371,-0.578221349386951
24,-1.33295565724309,-0.777941987091212
25,-0.507198719750329,-1.08118151458993
26,-0.105806983238741,-0.026484893894544
27,-1.35016499791454,-0.549210061278782
28,-1.78148554469379,-0.189825112871879
29,-0.532633951948182,-0.721332890590732
30,-0.050581081766009,-1.51690016029654
31,-1.03650449806995,1.49242600640021
32,-1.11600918975982,1.65032038124576
33,-1.14433392752634,1.44625015564579
34,-0.970029031486287,1.43164325872592
35,-1.0765255551291,1.49184984063403
36,-2.17189336665336,-1.19187514481935
37,-1.91652659463589,0.122676328814836
38,-2.29838110566096,-0.762851308831276
39,-1.13054289408942,-1.21354966848235
40,-1.13399613066809,1.28881213381228
41,-2.65393183571134,-1.01422506487267
42,-2.87154203727008,-0.09782428468238
43,-1.89291790945814,0.145313569510422
44,-1.99300510449577,-1.62113743917924
45,-2.2709794655401,-1.35707966000067
46,-1.00265922989071,1.36327998912266
47,-1.09041737815651,1.56373538161631
48,-0.978003529578812,-1.28180482543114
49,-0.997710891569664,-1.30399646665088
50,-1.00196947270915,1.27566805491328
51,-0.767997545169742,-1.26005720506877
52,-1.54128755613804,-0.593710068608723
53,-1.05126661924737,-1.06032446905784
54,-0.078494243180533,-1.29080009651448
55,-2.07730101938259,-0.816573203409334
56,-1.06293918177465,-1.17899890963371
57,-0.86811345736131,-1.36310603910317
58,-1.13949103812334,-1.14498272432705
59,-0.964946735307791,-1.2715494478562
60,-1.10472881797958,-1.2916798139965
61,-1.30302526423063,-1.04538217376381
62,-1.15604424067416,-1.13116761764039
63,-0.750166869909977,-1.39414183913614
64,-1.12068654301847,-1.05828529622902
65,-1.28686175897491,-1.04025399439485
66,-1.24912431908899,-1.00287417863349
67,-1.26001663144201,-0.987187948289979
68,-1.22312012203909,-0.997872977177038
69,-1.28512718210472,-0.98432906499117
70,0.266766506402341,-0.598406323341229
71,-1.17455500803029,-0.125441439864291
72,-3.22273501996121,-1.93988265898227
73,-1.57298117623126,-0.506132125503349
74,-1.55676939353429,-0.541354554275148
75,-1.34384405901504,-0.243540836443616
76,-1.46555860041107,-0.400332525834356
77,-1.49188162982067,-0.223706948340809
78,-1.35082926041143,-0.386370651248107
79,-1.41489427021854,-0.223437309297544
80,-1.50964896726874,-0.427426162176121
81,-1.39983369821868,-0.263450233261223
82,-1.32500872267855,-0.23730025058881
83,-1.40707505575713,-0.270300533155966
84,-1.64496566865631,-1.91190348741854
85,-0.885917108163229,-1.21844610954075
86,-0.125429127384396,-2.61379705171412
87,-1.08598969228189,-1.15299948569683
88,-1.23537964469654,-1.04759978117121
89,-1.21116919113472,-1.06253842701754
90,-1.01627250346712,-2.31321244370705
91,-1.15017187621139,-1.23359101844445
92,-1.08984518607859,-1.08764190490106
93,-1.07586004622019,-1.21886518850483
94,-1.24063803095567,-1.1094796818966
95,-1.11678382299064,-1.06964684581862
96,-1.08347135220301,-1.08831418563933
97,-1.27556634704716,-1.1737642481778
98,-1.21906731055898,-1.13022532586276
99,-1.07502436256234,-1.06002224154269
100,-1.17693854910555,-1.16105118723852
101,-1.12590578171816,-1.17755206346007
102,-1.23007929295606,-1.11140455221546
103,-1.06383767102977,-1.10338484303753
104,-1.09371122717404,-1.07582735199144
105,-1.11161264185916,-1.16259538586122
106,-1.10851335333814,-1.0540337491991
107,-1.1749675992672,-1.01261972720368
108,-1.332620680497,-0.832699543164449
109,-2.40536492801777,0.164641921497015
110,-2.87154203727008,-0.09782428468238
111,-0.839774762749281,-0.94168929735537
112,-0.990079853083386,-1.26864672350185
113,-0.033632284974133,-1.73779289576269
114,-1.55587061126207,-0.253954535831921
115,-3.02572048837664,-1.34787055186141
116,-1.61981143776856,-0.763663152612754
117,-1.00265922989071,1.36327998912266
118,-0.832181230404037,-0.529943054097669
119,-2.1214980864515,-2.01080580569315
120,-1.4368536310038,-1.35887325747826
121,-1.23922009879225,-0.859233802917585
122,-0.501348462013579,0.664429932258065
123,-0.846525643132301,-0.5421554682889
124,-0.091227447721025,-1.51007663176042
125,-1.129612619124,1.37617207967843
126,-1.129612619124,1.37617207967843
127,-1.11600918975982,1.65032038124576
128,-1.2565660083573,1.38906417023421
129,-1.129612619124,1.37617207967843
130,-1.129612619124,1.37617207967843
131,-1.129612619124,1.37617207967843
132,-1.129612619124,1.37617207967843
133,-1.15680481339125,1.28987732842868
134,-1.1099598270318,1.31508623184828
135,-1.129612619124,1.37617207967843
136,-1.129612619124,1.37617207967843
137,-0.970029031486287,1.43164325872592
138,-1.79439974978965,-0.902735290982542
139,-1.70740911293237,0.168278063796723
140,-1.6913389346285,0.554227570342657
141,0.686617196066121,-1.70080855912267
142,-1.05905333203737,-1.47818779135083
143,-1.00461101183181,-1.88521836016718
144,-2.39547266874477,-0.90662751348935
145,-2.21841580383271,-1.11593777667909
146,-2.0816502100657,-0.693802988305985
147,-2.21087457654079,-1.12577717603395
148,-1.95227960939143,-0.919199919524175
149,-1.88806495531841,-1.30771806823995
150,-1.46666364704601,-0.526091206990629
151,-1.3784611115693,-0.978553045149127
152,-0.447168404397719,-1.65059971588363
153,-2.43914311614453,-0.914926105501547
154,-0.800738741813227,-1.66093595722015
155,-0.186301075105303,-1.15529479457234
156,-2.5477861097902,-1.04685412977327
157,-0.089644322904133,0.391050688850771
158,-1.38223898665141,-0.749824734037992
159,-2.68941282275737,-0.985516249312751
160,-2.68941282275737,-0.985516249312751
161,-0.178396801153806,-0.456861782719366
162,-1.94045099166254,-1.24812614813295
163,0.408845458358839,-2.63054951402897
164,-1.33168315360656,-1.39921816709746
165,-0.810722266900897,-1.74392539032727
166,-0.37342895977299,-1.56039352135834
167,0.001306631042725,-1.59637574551145
168,0.590092682551323,-1.68944224173319
169,-2.65393183571134,-1.01422506487267
170,-0.518299745026103,0.168783319065
171,-0.664261950753997,-0.931529253471731
172,-1.61883244321778,-1.08172720254177
173,-2.79592929395594,-0.020391048465846
174,-1.1432424670446,-1.15468692326603
175,-2.85918701937973,-0.122897248509212
176,-1.00943955704344,-1.28941882016537
177,-0.315615370015626,-0.012215386615438
178,-0.687431421579833,-1.60391572449525
179,-3.0325160028537,-0.863207922443739
180,-3.25250770222419,-0.226361681493959
181,-1.70739835476785,-1.28333691735694
182,6.29053939353949,0.089953656087693
183,-2.89298249651878,-0.043956982167852
184,0.030350446653454,-1.66210069295595
185,-2.89298249651878,-0.043956982167852
186,-2.19219489367448,-1.15653882199381
187,-3.11738446313414,-0.310816362832913
188,-2.74838883302648,-1.08231854433813
189,-2.25205361097609,-0.930348359520702
190,-1.97933924775258,-0.845243703907724
191,-2.28667375147301,-1.37555717523549
192,-2.60109114897729,-1.166123027792
193,-1.70646819586575,-1.0459281400172
194,-2.5330181976562,-1.34512617703983
195,-1.51027409715485,-3.05404981462977
196,-2.65096240325804,-0.467675552633605
197,-1.56134016592515,-2.9867985469547
198,-3.2064191234061,-0.776153773001819
199,-2.68532415184774,-0.994302148623317
200,0.01503341742247,-1.60496433688984
201,-1.25722575841517,-0.812317574615715
202,-0.507995632664466,-1.40018258990208
203,-2.63187558618032,-1.0696961972768
204,-0.669294997068756,-1.42182593936645
205,-0.550516596702649,-1.91615441275818
206,-0.88008218534478,-1.58883315345932
207,0.122949158567,-2.15214048083786
208,-1.07351323634211,1.11196244387752
209,-0.229387172467129,-1.61208494376925
210,-2.71399999749575,-0.937681566940922
211,0.786122317953801,-1.35345948575336
212,-0.807626200793462,-0.228305134442652
213,-0.474691427680726,-1.88399958360357
214,-1.31683459151419,-1.16120643904811
215,-0.783387561015705,-0.747747156594168
216,-1.23741014641851,-2.22411736888976
217,-1.1407918749842,-0.522185513528056
218,-0.746592047392972,-1.12003260770145
219,-1.62229237787049,-1.71854960518144
220,-0.841362893851617,-0.608089223530184
221,-0.428647398327816,-1.67104618559535
222,-1.31803303190612,-0.878081297960454
223,-0.496021024461604,-2.90857796197367
224,-4.1974945544792,1.54352709616926
225,-3.11962489791749,-1.61745865979302
226,0.367108447939466,-1.19966812327568
227,-0.403107388549568,-0.958887902487192
228,-0.364527697997603,-0.779573097186756
229,-1.42018243453073,-0.408622214604434
230,-0.514334960927471,-0.725794296124895
231,-0.428539509928737,-1.77047188174246
232,-1.58510902476011,-1.82675219562395
233,-1.12447217694165,-0.556358859087497
234,-0.609733853255595,-1.2195536671517
235,-0.322423901406632,-2.87449122943502
236,-6.6932522391361,-1.26349786955415
237,-2.00147814200062,-0.816485397204427
238,-1.2449657201087,-1.38769252287119
239,-0.047437644495299,-1.51153269629075
240,-0.033725441644271,-1.67271132380701
241,0.03870556489929,-1.61463957421415
242,-0.046256985546095,-1.52995758237042
243,-0.500810705209418,-0.710779832348604
244,-0.346696448572673,-0.375123926258568
245,-0.372730546662816,-0.402557488777119
246,-1.4015193283308,-1.08068603339456
247,-0.305281774895595,-0.381049974343633
248,-1.11203955466649,-1.56637892865588
249,-1.21565196510162,-1.54555249704345
250,-0.791841307411424,-1.48778710863157
251,-0.138529669819152,-0.839229258751339
252,-3.87011456198997,-1.35895340196576
253,-2.63092200518329,-1.15461173104351
254,-2.43889028272588,-1.14271806494666
255,-2.13279043047523,-0.659952124880248
256,-2.27851189925132,-1.34767496879594
257,-2.6070902439431,-1.26034704310504
258,-2.55785759320616,-1.29381926016816
259,-2.2563323194931,-1.37942169231175
260,-2.2563323194931,-1.37942169231175
261,-2.55785759320616,-1.29381926016816
262,-0.18252562191829,-0.273901899344859
263,0.027507882380337,-0.855999604608736
264,-1.05305178457652,-0.125340894783799
265,0.115489221796972,-0.644424282440195
266,-0.779276629723,-0.644822836532112
267,0.125573503408667,-0.411741151034742
268,-0.142153642625005,-0.772123145079283
269,-0.251018445416387,0.156697869119689
270,-0.336015985044488,-0.512339109037408
271,-0.208699065196019,-0.511923880984138
272,0.174185232902047,-0.432421194217642
273,-1.93185816341315,-0.641042528785303
274,-0.865491239923174,-0.508481806416226
275,-0.011878659131996,-0.657633020400086
276,-0.324297369284668,-0.560184679430425
277,-0.328054899283907,-0.536034652238056
278,-0.301227432588094,-0.154458476174023
279,-0.250640242747733,-0.424148891866145
280,-0.306727955850326,-0.427752343220108
281,-0.303501809841145,-0.517638766620276
282,-0.227469563278049,-0.506121843838251
283,-0.216598466788524,-0.372187316858749
284,-0.761792945386999,-0.161922109050271
285,0.660352651390613,-0.617003866787495
286,-0.257563708691587,-0.491658722240093
287,-0.11351572061384,-0.216252272274055
288,-0.624288935156222,0.524929638071206
289,-1.12911511509817,-0.087574431850836
290,-0.223851074209625,-0.709715229773126
291,-0.236891312454243,-0.028346158605959
292,-0.075489376359226,-0.292485863186829
293,-0.257513862767582,-0.098848946023994
294,-0.222499465610279,-0.213419318012497
295,-0.040099841422779,-0.014923399851057
296,-1.08190935512627,0.386478208001696
297,-0.293982760981173,-0.16095041006735
298,-0.112719928064574,-0.286554427870727
299,-0.012563932392795,-0.591262670094425
300,0.204259401399559,-0.247423074081449
301,0.287357785829913,-0.282560927022016
302,-0.007261847829184,0.127655243615345
303,-0.036503682308362,0.13951344065344
304,-0.020805400876903,-0.529320988035643
305,-0.280633172815358,-0.486090993098076
306,-1.05997139347677,-0.061685378292816
307,-0.096648918332902,-0.274325144458268
308,-0.105997069598186,-0.600015883738794
309,0.418706837875868,-0.071569174149939
310,-0.876022796479009,-0.195164244124727
311,-0.573220642102128,-0.332156689918994
312,-0.214805221357563,-0.186838602164904
313,-0.528713590705749,-0.422414790408289
314,-0.110621797706103,-0.277461629968955
315,-0.579705021122498,-0.867229754896763
316,-0.030053281133627,-0.293185860352526
317,-1.1219943487586,-0.496623511675338
318,-0.435604367579262,-0.485624629283574
319,-0.363053097450925,-0.496290050971033
320,-0.117149737934861,-0.161551703448499
321,-0.228738395948874,-0.809709667011123
322,-0.296814876368577,-0.646344298672876
323,-0.841125854598007,-0.382751249030096
324,-0.073008774769487,-0.264054837646799
325,-0.119977195684521,-0.397650187455751
326,-0.986948951468518,-1.08206824526001
327,0.178460020550663,-0.766411899509538
328,-0.976385072183081,-1.08895324083536
329,-0.219970888106332,-0.381499880959277
330,-0.227594459679258,-0.344612324083895
331,-0.604820049261171,-0.215955283775797
332,-0.071280600873134,-0.132065802962418
333,-0.678398372308848,0.005014246249459
334,-0.514602607456702,-0.487145638554231
335,-0.073008774769487,-0.264054837646799
336,0.009943191227015,-0.669270712051025
337,-0.904161467441919,-1.1664938841731
338,-1.05633309159845,-1.06734094514884
339,-1.20768898864957,-0.889694867909027
340,-0.710420444876551,-1.62077076812489
341,-0.932745116341338,-1.16011967917813
342,-0.91856931715778,-1.44718618445548
343,-0.775235400161468,-1.1800780636086
344,-1.26408140356688,-0.998637904734396
345,-1.3818227207687,-2.80024157118269
346,-2.78649804133517,-1.05148314984784
347,-0.33248252672684,-1.59110360914357
348,-3.07802411113273,-0.049050189686665
349,-0.542912266961603,-1.63104339446283
350,-1.43880004745045,-2.82551901444725
351,-3.07802411113273,-0.049050189686665
352,-0.400761013121174,-1.66262380467498
353,-0.812736443251511,-1.36834394703537
354,-1.12199971297826,-1.05773113556018
355,-0.498001791153645,-1.25501846665175
356,-1.07847272789006,-0.959146287575508
357,-1.57347569690108,-2.77492845898611
358,-1.3585898584875,-1.74009905506767
359,-1.33826285466161,-1.01967240477851
360,-1.2108309640392,-1.02524984629638
361,-0.80460139406392,-1.37046353859345
362,-1.48248124180152,-1.35297018962234
363,-0.990545398255986,-0.694359436589918
364,-1.53723410070598,-1.57478193488132
365,-1.14532786643622,-1.48919294305114
366,-0.539319243171275,-0.56584511311745
367,-0.740734647534001,0.001480400193535
368,-0.904275042765538,0.117279786072026
369,-1.01706441613816,0.199859276342982
370,0.14914148513152,-0.349754457219898
371,0.612960201556875,-0.367836752495282
372,-0.782523595379121,-0.024120695242926
373,-0.479526733565806,0.002418697187386
374,0.199143273137254,-0.356020515148035
375,-0.510562238604181,-0.650591358285724
376,-0.695713091032204,-0.519113612394022
377,-0.00801557534584,-0.51108746753894
378,-0.387567270807981,0.289317749567445
379,0.064014813836936,-0.556133941005188
380,-0.135415648507362,-0.719481064523206
381,-0.2503205271964,-0.506599468990198
382,-0.079145327928816,0.121040401275425
383,-1.09842920133051,-0.138206200763594
384,-0.319482256801388,-0.505897400959714
385,-0.106330562485303,-0.735332310045542
386,0.122043105854365,-0.222549064268281
387,-0.565823970624343,-0.166135250521909
388,-0.091856729443421,-0.216564551856231
389,0.161240329504854,-0.417332181937903
390,-0.278741817280342,-0.203551751989215
391,0.150230778690294,-0.218591065941512
392,-1.09932102868081,-0.10283152805128
393,-0.313257748317336,-0.487972694026213
394,-0.610234927513744,-0.355447874887442
395,0.021636453374227,-0.423145295874927
396,-0.305934319306322,-0.316397967130107
397,0.169828066553262,-0.833862617117883
398,-0.031720951358645,-0.575070194807199
399,-1.41172931041994,-0.556145469160443
400,-1.09842920133051,-0.138206200763594
401,-0.110462564181988,-0.109535524517746
402,-0.293982760981173,-0.16095041006735
403,-0.356703291703753,-0.295764137882026
404,0.18008142544138,-0.335382890588959
405,-1.1719263036733,-0.230269183854234
406,-0.078815699659113,-0.563180864874334
407,-0.260188550940272,-0.529133301957346
408,-0.498594536972305,-0.102260683169454
409,-0.116598960886658,-0.201937322936979
410,-0.225957143081902,-0.37051741349492
411,-0.344814323278626,-0.584167812795413
412,-1.09842920133051,-0.138206200763594
413,-0.430329606208752,0.330735777208068
414,0.19874976537672,-0.427215502638332
415,0.528763546961776,-0.38081489862068
416,-1.09859688908361,0.518173678576545
417,-0.159209441215391,-0.28634807560217
418,-0.217714783818997,-0.769181150826667
419,-0.361743616428483,-0.808721099455582
420,-0.286852670565655,-0.57403379195224
421,-0.136714553049416,-0.500022768035054
422,-0.95927396336479,-0.893539861812003
423,0.06917242783102,-0.590825592670265
424,-0.050360753254243,-0.35152542839032
425,-0.860512248178985,-0.490935101674687
426,-0.440409876048335,-0.437260921504962
427,0.131403685145905,-0.455015267918165
428,0.527041754072487,-0.659231402702438
429,-0.060337563513268,-0.304858979947775
430,0.226591994277517,-0.331189863254063
431,-0.906629635849534,0.128360378330985
432,-0.183832712987075,-0.622883668870293
433,-0.70434950631599,-0.078876422750229
434,-0.901861548378812,-0.716795462848491
435,0.617530270299383,-0.93874042730648
436,-0.175270970225609,-0.054863668414442
437,-0.032550572772531,-0.688660464850849
438,-0.129142437543774,-0.231553794249061
439,-0.363053097450925,-0.496290050971033
440,-0.237637102235116,0.212336531101155
441,-1.70430888563117,-0.419077530130647
442,-0.541298930750743,-0.568627594989101
443,-1.04897948362876,0.265302101454663
444,-0.295958716690369,-0.660001835496658
445,-0.528713590705749,-0.422414790408289
446,-0.110621797706103,-0.277461629968955
447,-0.27243675468013,-0.216137386443598
448,-0.528713590705749,-0.422414790408289
449,-0.110621797706103,-0.277461629968955
450,-0.736082865186116,-1.22801609142868
451,-0.75697363590918,-1.2811511784069
452,-0.411132764141722,-0.481958354505176
453,-0.027547997762145,-0.655912915337645
454,-0.570527802494779,-0.534330584587612
455,-0.532210828330909,-0.64233153616868
456,-0.291857531082518,-0.159546300379878
457,-0.455653340917628,-0.021942988965167
458,-0.509599809870163,-0.586962658430437
459,-0.530992386192426,-0.58254510395567
460,-0.498536004908469,-0.602085786456477
461,-0.493908953962277,-0.444670380933046
462,-0.329659414790191,-0.082705323590762
463,-0.281740180774914,-0.824904363364514
464,-0.113096666963672,-0.30926705260242
465,-0.743649655461931,-0.319520442829384
466,0.140223659616815,-0.426790114633884
467,-0.050360753254243,-0.35152542839032
468,-1.09931368691613,0.277998683633551
469,-0.456193570722842,-0.243046191735378
470,-0.249612078529688,-0.717639079938531
471,-0.452038588017034,-0.117109330976038
472,-0.027797563609145,-0.661943891835845
473,-0.380883708516478,-0.047423659336305
474,-0.483521309613954,-0.493850629673765
475,-0.209443542729644,-0.794273609929493
476,-0.229789009581926,-0.419718692989228
477,0.137813054958105,-0.455062119510532
478,-0.371244877335496,-0.207069175700345
479,-0.40555737037496,-0.251243928779564
480,-0.866939340361689,-0.443862598129119
481,-0.24231303808298,-0.557282003309661
482,-0.253485235523844,-0.283892360830473
483,-0.128127226595543,-0.497085181903231
484,0.136897084303367,-0.437717498719485
485,-0.404054171984725,-0.318610274140878
486,-0.305295769207763,-0.295057538747021
487,-0.013803942565377,-0.76802256413643
488,-0.399190138921307,-0.550750241109452
489,-0.954195981939228,0.027931763812223
490,-1.25080003689111,-1.52099137849514
491,-1.30465131585537,-1.60497894719655
492,-0.097544367688063,-2.09420841004332
493,-0.64777236997914,-1.46433027056813
494,-0.275534103128852,-2.08275699222934
495,0.047407638386899,-1.85998721130906
496,-0.583300846085536,-1.31529194611486
497,-0.51690654816549,-1.63067331858046
498,-1.44157405220174,-2.80460159757826
499,-1.26083731833684,-1.01298182714785
500,-0.306168704320933,-1.59084693069206
501,-2.78649804133517,-1.05148314984784
502,-0.729963923423156,-1.33909979224952
503,-1.22095572203951,-0.909590054172893
504,-3.12328076442117,-0.986004280386487
505,-1.33169068946907,-0.76593673954773
506,-1.60271232907851,-0.715829764685781
507,-0.14209100779955,-0.018160362379525
508,-0.30277554358527,-0.300049429119275
509,-0.040099841422779,-0.014923399851057
510,-0.291500857732493,-0.58409596625806
511,-0.319228973457882,-0.335415850300226
512,-0.234346387023285,-0.728382863566618
513,-0.71658901737158,-0.049827856972462
514,-0.729613620742179,-0.143206334471575
515,-0.295783354968042,-0.073835384399754
516,-0.707060831917679,-0.017897382422022
517,-0.721647940477662,-0.236879049100893
518,-0.194776935596401,-0.422251068815036
519,0.037242407524438,-0.692792535331346
520,-0.228738395948874,-0.809709667011123
521,-0.073008774769487,-0.264054837646799
522,-0.721949998001478,-0.131066695582046
523,-0.682723907325307,0.010306855433014
524,-0.275060662801688,-0.271971006091361
525,-0.764918536491593,-0.03884067158231
526,-1.11860833503241,-1.03393818668639
527,-2.03867342892834,-2.67345399529602
528,-0.570146754128543,-1.56287835363574
529,-0.955456855206497,-1.27150440502231
530,-1.15115286439031,-1.15879517505116
531,-0.954500679869368,-1.2102208300516
532,-0.880276260055442,-1.46611635653947
533,-0.622806826630075,-1.03963791595867
534,-1.09584718239735,-1.6339025187239
535,-1.41028919301085,-0.836279295167842
536,-0.68973034076626,-1.07910108132134
537,-0.825058020709483,-0.98052886118889
538,-1.0302035652672,-1.26477135615204
539,-1.33048029217155,-0.359575999773821
540,-0.798287020210047,-1.11628065930351
541,-2.11703630572045,-1.07325824599339
542,0.396751250387771,-1.06855627022089
543,-1.6967335100016,0.065314127702508
544,-2.64387165924172,-0.226850794828653
545,-0.347656109751555,-0.490918018608862
546,-1.59819025899488,0.95812440321595
547,-1.92444778379424,-1.44385411315636
548,-0.82558769500073,0.08099849753061
549,-2.23674932490556,0.046450770279593
550,-2.02842512881123,-0.747968903762179
551,-0.078927109705281,0.386414906686172
552,-1.46204074536171,1.40601953686574
553,-0.143211595544028,0.506503643644821
554,-1.60006331789784,1.66385711915931
555,-1.66502069593048,0.963722215564958
556,-0.078927109705281,0.386414906686172
557,-0.078927109705281,0.386414906686172
558,-1.37307102585238,0.234945670853465
559,-1.46204074536171,1.40601953686574
560,-0.078927109705281,0.386414906686172
561,-0.968370470689634,-2.16076161816264
562,-2.47695548800347,-1.80069955151909
563,-0.189191282797212,1.7011995365622
564,-2.30718368909825,-0.211092303145929
565,-1.33383919629079,-1.02012254687581
566,-1.10026669486207,-0.505012210551897
567,-1.74231139836367,-1.07400932029841
568,-1.56185581619643,-0.891749214715471
569,-2.11520136470847,-1.26083130384781
570,-1.48169173274339,-0.930180896609173
571,-1.57561025440449,-0.911454080597003
572,-1.81668898638696,-0.709865755223278
573,-1.46572634287747,-0.873380620928974
574,-2.02055975521899,-1.30917699628171
575,-1.35041300804873,-1.61457749365857
576,-1.12344060697047,-0.791952372395475
577,-1.43001495489492,-0.979070944959544
578,0.090414066693445,-0.630109298689028
579,-0.602617941903245,-0.070967993508314
580,-0.094694989197871,-0.636929866230953
581,-0.068288164921189,-0.712524327863397
582,-0.404801411812457,0.106919952444807
583,-0.722583145560111,-0.131704295894297
584,-0.23181574121609,-0.152101795318291
585,-0.40950249730689,-0.425601512389598
586,-0.590825705582477,0.236457613155863
587,-0.476648415439032,-0.282307276099173
588,-1.10165350351239,-0.320597923289311
589,0.161240329504854,-0.417332181937903
590,-0.189234466978797,-0.068121229365248
591,-0.148941200477365,-0.509103279641429
592,0.419085089422097,-0.651840712204102
593,-0.883376456597738,-0.354104452101801
594,-0.381417297593407,-0.063864325990658
595,-0.154081008336531,-0.499641049669511
596,-2.00145162398573,-0.666340003811502
597,-0.312909160539487,-0.620870229470189
598,-0.615267752533883,-0.372985508573997
599,-0.553582546507574,-0.108578457258049
600,-0.435085627244319,0.039028815242428
601,-0.731352969504494,0.089612204039958
602,-0.898666268977622,-0.675572315871216
603,-0.838628697974105,-0.394405898494819
604,-0.304770979758047,-0.587252170575325
605,-0.888783852967058,-0.565323190491679
606,-1.09932102868081,-0.10283152805128
607,-0.775961712846362,-0.123742741683468
608,-0.688805051271571,0.031641644334069
609,-0.815392863351331,-0.389020856945682
610,-0.872294289989281,-0.363332791413552
611,-1.05542005785126,-0.18585989236653
612,-0.333912811007992,-0.523214069740261
613,-0.201936934132952,-0.082824494700528
614,-0.328054899283907,-0.536034652238056
615,-1.09932102868081,-0.10283152805128
616,-0.48256532018128,-0.283562808542907
617,-0.417845509115622,0.159118402803312
618,-0.429772465333987,-0.482711000038862
619,-0.714351975717921,-0.311614366919228
620,0.204276239542352,-0.718641776329651
621,-0.618172362302352,0.043271699832541
622,-0.817067502242497,-0.408130373132303
623,-0.271734440289839,-0.38116023688744
624,-0.25923435164118,-0.261603789861164
625,-0.088033528425723,-0.596058741918438
626,0.57495347482472,-0.875782019188883
627,-0.583331290447025,0.166813808032241
628,-0.245484205079755,0.506620721495633
629,-0.517735320801084,-0.188635776984466
630,-0.171061137353504,-0.532746924220509
631,-0.874631640624456,-0.209682950478167
632,-0.632021653997801,0.358139470493117
633,-0.88399400223604,-0.205503048084827
634,-1.01283848438486,-0.72485714658825
635,-0.468879922114308,-0.607462323416785
636,-0.091275810692201,-0.620820768383247
637,-0.206080238262056,-0.77234101232919
638,0.123495316409967,-0.361201255981748
639,-0.50686819056103,-0.234184591602229
640,0.061244676666059,-0.449846321311661
641,-0.172860342741807,-0.096497117667233
642,-1.29855385211827,-0.98853387379788
643,0.128696551778689,-0.620193036301279
644,-0.295961210430593,-0.289779443768068
645,0.058091294047537,-0.793164801324308
646,0.751442600201036,-0.730259124106505
647,0.125573503408667,-0.411741151034742
648,-0.175488771805042,0.546829162031557
649,-1.44066779803075,0.286320641427191
650,-1.11181949641234,1.19451958742829
651,-0.803614162672824,-0.679122942036673
652,-1.07963634675026,0.104523212948833
653,-1.10391496107763,-1.86039521968753
654,-0.317381889413705,-0.670563139069979
655,-0.64723002237831,-1.09981876291754
656,0.16207447869214,0.385271473786351
657,-0.445762894649476,0.263987371517018
658,-2.46016714465257,1.60079647977813
659,-1.10284873852905,-0.023738370119234
660,-1.08784413518638,0.190719492310667
661,-1.64492169993464,1.10115103436291
662,-2.14833570029168,-0.565473924335008
663,-1.38526931489486,0.30954593604886
664,-3.59498597772897,0.330923591254387
665,-0.538714293684915,3.04667391845857
666,-1.74900610691277,0.232033785370993
667,0.241506131929207,-1.43259134816116
668,-1.30850626802024,-1.44979584876534
669,-0.295626243464227,-1.11915100775403
670,-2.66020651761541,0.399530371006615
671,-1.4488106449483,-1.03327243631651
672,-2.01046656825794,-1.04187844590339
673,-0.049524634859769,-2.2557049710767
674,-1.35516020293763,-0.692136562789652
675,-2.65758449270494,-0.812433909867318
676,-2.62815182222361,1.26560020216284
677,-1.79266553511631,-0.191162945863217
678,-0.628259974362694,-0.605604111815614
679,-0.570740058985273,-0.609123787691924
680,-0.55699105048201,-1.61718645127624
681,-2.42705385512075,-0.473631845284798
682,0.156311145859059,-1.48697801015069
683,-0.292187774242282,0.756119452684321
684,-1.19221764068429,-0.164211112943802
685,-0.156488019462262,-0.217744409315524
686,-1.39370154297441,-1.09802287196968
687,-1.13226713046452,0.787395458079283
688,-1.78045861274281,-1.22892622882338
689,-4.80179508832757,1.77622946892934
690,-1.80466419132211,-0.957220808356641
691,-2.98323207680016,-1.10112764343882
692,0.275132232359345,-1.02295796775208
693,-1.72364150092249,-0.713345860738797
694,-0.848037904013303,-1.43166096098726
695,-0.174783998521604,-0.348842934633555
696,-1.93403888668928,-1.26269446250595
697,-1.80175196993856,0.188684341269101
698,-2.14567292367375,-0.26550945271026
699,-2.80845541623501,0.058089371163125
700,-2.17408855268997,-1.79757828133081
701,-1.13748224472555,-1.18537747000225
702,0.407675409433244,-1.01064305406492
703,-0.36747391293061,-0.522679318833334
704,-0.988773884596778,0.122022413920937
705,-2.58960195370049,-2.25843901193179
706,1.49960074803994,-0.839288901436555
707,-2.85962681186232,-0.008658161038716
708,0.508276761788812,-0.499533497904966
709,-2.68433200954072,-0.043916350443914
710,-0.588055902847775,0.92900765391262
711,-1.3044521678408,2.19350366143019
712,-1.72242819391869,-0.828202144063472
713,0.123579541739548,-1.21212665253218
714,-0.266040889019181,-1.61407373892119
715,-2.09725696869747,1.00981065776545
716,-1.19121097463419,1.37357725426375
717,-2.00212330352515,-1.00866143853121
718,-1.06832164056456,0.388378310752864
719,-1.55292933335936,0.004266188464346
720,-1.44655102328704,0.360384099560086
721,0.371552058368233,0.003276168075969
722,-4.30451834720022,-2.32975602057697
723,-0.690767889320648,-1.30726973913067
724,-0.984419440560811,-1.08260906756553
725,-2.46213373740032,-1.85214379437929
726,-0.919389076371308,0.023790058362301
727,-0.552986236233923,-1.05504201424376
728,-0.83898504647712,-1.23552236041987
729,-2.97201003447346,0.487001665306001
730,-0.956112820115391,-0.008799004173877
731,-1.90786206493159,-0.157185635928053
732,-3.15963097811079,-0.513661218238353
733,-1.48471327265752,-1.36222059899579
734,-1.58601872989118,-1.11639093842114
735,0.077596407535754,-0.363528117529129
736,-0.673484591598582,-1.20500973043514
737,-0.172835285812433,0.31334366021481
738,-1.1784617081613,-0.876281432190187
739,-1.09066295848193,-1.15361284342352
740,-3.03890749061716,-0.794429924351741
741,-2.27139116178591,-0.887321182894284
742,-2.59287710489514,-0.869774903716423
743,-2.27139116178591,-0.887321182894284
744,-2.47587385961378,-1.05377288315919
745,-2.41419124369604,-0.82758462817679
746,-2.41419124369604,-0.82758462817679
747,-2.59287710489514,-0.869774903716423
748,-2.59287710489514,-0.869774903716423
749,-2.662625102051,-0.891658296797747
750,-2.59287710489514,-0.869774903716423
751,-2.41419124369604,-0.82758462817679
752,-2.47587385961378,-1.05377288315919
753,-2.26779477105806,-1.02997339567981
754,-2.41419124369604,-0.82758462817679
755,-2.41419124369604,-0.82758462817679
756,-2.44648063225716,-1.07216367121945
757,-2.47587385961378,-1.05377288315919
758,-2.27139116178591,-0.887321182894284
759,-2.59287710489514,-0.869774903716423
760,-2.59287710489514,-0.869774903716423
761,-2.26779477105806,-1.02997339567981
762,-2.59287710489514,-0.869774903716423
763,-2.44648063225716,-1.07216367121945
764,-2.59287710489514,-0.869774903716423
765,-2.59287710489514,-0.869774903716423
766,-2.36094656308357,-0.862461319223262
767,-2.27139116178591,-0.887321182894284
768,-2.36094656308357,-0.862461319223262
769,-2.41419124369604,-0.82758462817679
770,-2.59287710489514,-0.869774903716423
771,-2.26779477105806,-1.02997339567981
772,-2.27139116178591,-0.887321182894284
773,-2.26779477105806,-1.02997339567981
774,-2.59287710489514,-0.869774903716423
775,-2.27139116178591,-0.887321182894284
776,-2.47587385961378,-1.05377288315919
777,-2.26390646700438,-1.003179620395
778,-2.44648063225716,-1.07216367121945
779,-2.59287710489514,-0.869774903716423
780,-2.59287710489514,-0.869774903716423
781,-2.26779477105806,-1.02997339567981
782,-2.26779477105806,-1.02997339567981
783,-2.26779477105806,-1.02997339567981
784,-2.41419124369604,-0.82758462817679
785,-2.47587385961378,-1.05377288315919
786,-2.59287710489514,-0.869774903716423
787,-2.26779477105806,-1.02997339567981
788,-2.36094656308357,-0.862461319223262
789,-2.59287710489514,-0.869774903716423
790,-2.16216099461324,-0.906163172341367
791,-2.4637653462964,-0.89291434839624
792,-2.26779477105806,-1.02997339567981
793,-2.41419124369604,-0.82758462817679
794,-2.450077022985,-0.929511458433918
795,-2.59287710489514,-0.869774903716423
796,-2.41419124369604,-0.82758462817679
797,-2.59287710489514,-0.869774903716423
798,-2.41419124369604,-0.82758462817679
799,-2.59287710489514,-0.869774903716423
800,-2.44648063225716,-1.07216367121945
801,-2.47587385961378,-1.05377288315919
802,-2.26779477105806,-1.02997339567981
803,-2.41419124369604,-0.82758462817679
804,-2.59287710489514,-0.869774903716423
805,-2.41419124369604,-0.82758462817679
806,-1.02072434406108,-0.277000237768236
807,-1.46204074536171,1.40601953686574
808,-1.02072434406108,-0.277000237768236
809,-1.02072434406108,-0.277000237768236
810,-1.44744051327247,-1.95992508831793
811,-1.02072434406108,-0.277000237768236
812,-2.24991471691952,-1.43857530835647
813,-2.24991471691952,-1.43857530835647
814,-1.02072434406108,-0.277000237768236
815,-1.02072434406108,-0.277000237768236
816,-2.24991471691952,-1.43857530835647
817,-2.24991471691952,-1.43857530835647
818,-2.24991471691952,-1.43857530835647
819,-2.24991471691952,-1.43857530835647
820,-2.29954129983692,-1.08815779946135
821,-2.29954129983692,-1.08815779946135
822,-1.03174127108346,-0.60751028047701
823,-3.02914444393377,-1.00303898160077
824,-2.94623010909417,-1.42812056357085
825,-2.82477773208257,-0.958340631951029
826,-2.66462108177548,-1.13827682443652
827,-2.83919744433034,-1.42060761006233
828,-2.52184527690473,-1.08321340098696
829,-2.27371358138314,-0.631120660712068
830,-2.7428193221309,-1.10466807089581
831,-2.36755987006394,-0.711163866758162
832,-2.24299810764462,-1.40791468582167
833,-2.45864808359002,-1.46731501414921
834,-2.78009481738073,-1.5833848762378
835,-2.26482882755299,-1.88169363986474
836,-2.58597497147521,-1.07891713710747
837,-2.27954333340214,-0.817280241802092
838,-0.300796467469317,-1.27711817692274
839,-2.59857211831412,-0.8990199230838
840,-2.25423413415887,-0.832387705880318
841,-2.55785759320616,-1.29381926016816
842,0.106216136992999,-1.5805329634254
843,-1.24500889539256,-1.63442172583825
844,-1.21622724692555,-1.68177206906074
845,-1.21377373823017,-1.56477574354119
846,-0.970848758865053,-0.963249259676729
847,-0.879536763886322,-0.834315610997949
848,-0.925575584396499,-0.904735170495012
849,-0.925575584396499,-0.904735170495012
850,-0.925575584396499,-0.904735170495012
851,-1.55037198433754,-2.68366466649718
852,-1.64942109110338,-2.90825379468088
853,-1.7374821611504,-2.64961150258644
854,-2.32046677898586,-2.84748101996327
855,-1.99636996537533,-3.20624613398661
856,-2.23881213155615,-3.03085560782653
857,-2.23128776656085,-3.12740384726657
858,-2.00788631077921,-2.61679532720592
859,-1.93050816422038,-2.36645200601384
860,-2.25635310935272,-3.18809474029527
861,-2.06288169269957,-2.30871420794565
862,-0.970848758865053,-0.963249259676729
863,-0.840688506256006,-0.885314011557745
864,-0.925575584396499,-0.904735170495012
865,-0.881251105580426,-0.76631559246806
866,-0.970848758865053,-0.963249259676729
867,-1.89028905459631,-2.88736312661059
868,-2.28957894518467,-2.3871146800915
869,-2.09355205336693,-2.23774577965953
870,-2.55857046199947,-2.73442655573944
871,-1.99246445956131,-2.90264947645326
872,-2.04392660852435,-3.34419017466515
873,-1.80185766131155,-2.82393437897361
874,-1.83561629073217,-2.33313397407426
875,-1.98576466468588,-2.31213239203282
876,-1.71479393492735,-2.34604187045684
877,-2.23128776656085,-3.12740384726657
878,-2.10909823699733,-2.95841642177146
879,-1.80185766131155,-2.82393437897361
880,-1.73387852986564,-2.82385565616921
881,-1.88652277331538,-2.21632412446722
882,-2.02357699602572,-3.0969520953189
883,-1.81519379006292,-2.93263213884325
884,-1.87210812692745,-2.91646689212265
885,-1.57443745852332,-2.63870837009728
886,-1.84515094233934,-2.29340296997079
887,-1.95262751458324,-3.1845332539047
888,-1.812769192362,-2.88289082722838
889,-1.95768230553781,-2.58859833190383
890,-2.22764277666203,-2.88840692616837
891,-2.23044634639405,-2.97999624965739
892,-2.05546706618295,-2.36887073449561
893,-1.57443745852332,-2.63870837009728
894,-1.38435781583715,-2.48676796777172
895,-1.88968622215184,-2.79843136158305
896,-1.94159605936101,-3.00343228195881
897,-2.41142692782437,-2.69458726053166
898,-2.07944958080924,-3.23087146656151
899,-1.87461781843932,-2.36749910978558
900,-2.23886531559226,-3.12060095495351
901,-1.90862500827289,-2.51923948928962
902,-2.08903911910618,-2.5045913487738
903,-1.60701919764505,-2.91346816614136
904,-2.10074117949132,-2.55409666371165
905,-1.54195129184063,-2.73413275372933
906,-2.20969892352188,-2.76588967603161
907,-1.57365806968835,-2.65456885674088
908,-2.23053538624986,-3.14271471308589
909,-2.0057571542969,-2.53218194079421
910,-1.84515094233934,-2.29340296997079
911,-1.857896431379,-2.64062258214889
912,-2.02324609979197,-2.8320262032047
913,-2.01355264008293,-2.6224947982294
914,-1.87827829578584,-3.09969882673399
915,-2.0057571542969,-2.53218194079421
916,-2.04458512709272,-2.51417266727349
917,-1.74077005524635,-2.9240445038647
918,-2.01390590296758,-3.20952700015485
919,-2.29766630958892,-2.73997551417966
920,-1.90133003189095,-2.60006116747839
921,-2.01772719800081,-2.50278338443674
922,-2.10909823699733,-2.95841642177146
923,-1.83865454281805,-2.93219009810699
924,-1.5829668074749,-2.56683637954914
925,-2.01139962648288,-3.20477377614784
926,-1.86043559572869,-2.70040079243444
927,-2.08962453908964,-2.43071388793491
928,-1.65153575840895,-3.1939405829793
929,-1.56934252531892,-2.68674822375599
930,-2.41711421326068,-2.92282559484223
931,-1.99041460833812,-2.32464411123205
932,-1.80583544961714,-2.27143623641109
933,-1.64945974329099,-2.75897640421549
934,-1.69272676208194,-2.59978717762066
935,-1.91389907831056,-2.54817442738145
936,-2.04551262283986,-2.4529858208515
937,-2.0057571542969,-2.53218194079421
938,-1.80644511353045,-2.91164563038063
939,-2.18587417961522,-3.04685874902484
940,-1.8247949556406,-2.94792768026218
941,-1.99092868264574,-2.73722676929342
942,-2.23128776656085,-3.12740384726657
943,-1.89110020956972,-2.3689447475678
944,-1.57443745852332,-2.63870837009728
945,-1.87664033565237,-3.164669141468
946,-2.27376019021311,-2.3010357819498
947,-2.13974372357628,-2.27634738087777
948,-1.68995507118591,-2.53859736317651
949,-1.75437689279411,-2.36193113177049
950,-2.16283807603071,-2.93047199755642
951,-2.08451032326413,-2.48575454976969
952,-1.87664033565237,-3.164669141468
953,-1.82692044004687,-2.35249917023263
954,-2.11409012143058,-2.32005415697694
955,-1.87664033565237,-3.164669141468
956,-1.87827829578584,-3.09969882673399
957,-1.57443745852332,-2.63870837009728
958,-1.91734369755688,-2.59249781323178
959,-2.23128776656085,-3.12740384726657
960,-1.75692842588603,-2.70446470115353
961,-1.57443745852332,-2.63870837009728
962,-2.01965284352842,-2.63030580407462
963,-1.52558393692043,-2.67161942780169
964,-2.05216101253925,-2.55245996266494
965,-2.08651293573548,-3.22667148067801
966,-1.77511709262184,-2.90161392052381
967,-1.80854145249004,-2.97989513434339
968,-2.0577966586278,-2.43883344190444
969,-2.37651453662947,-2.79761116478272
970,-2.04201478620648,-2.80404478976709
971,-1.87210812692745,-2.91646689212265
972,-1.90862500827289,-2.51923948928962
973,-2.02158257964519,-2.65304421282483
974,-1.77511709262184,-2.90161392052381
975,-2.01299851183534,-2.53903224068896
976,-2.25098994681097,-3.12960581703046
977,-1.90256297685941,-2.37489853918487
978,-2.0285395958145,-2.92769683454985
979,-1.94004399389919,-2.53210584208329
980,-2.23128776656085,-3.12740384726657
981,-1.99057090104668,-2.52796372797575
982,-2.21176252961411,-2.88192174513254
983,-1.64971543410722,-2.63885157101831
984,-2.1448313587709,-2.56529268469199
985,-1.55037198433754,-2.68366466649718
986,-2.07944958080924,-3.23087146656151
987,-1.90546332608898,-2.83344219216204
988,-2.13860020897552,-2.90484058594076
989,-1.94106684737395,-2.56080690595302
990,-1.84515094233934,-2.29340296997079
991,-1.84515094233934,-2.29340296997079
992,-1.87001249330828,-2.63996557759113
993,-1.78524801315241,-3.07638904826659
994,-1.81973303962672,-2.25775424426376
995,-1.57639857097574,-2.48562918090558
996,-1.88416847962798,-3.17179074036847
997,-1.9597257855517,-2.56339770574306
998,-2.0617575237945,-2.66907767411644
999,-2.02662025424356,-3.19219260082664
1000,-2.13946541621965,-2.7625272344213
1001,-2.13860020897552,-2.90484058594076
1002,-2.23881213155615,-3.03085560782653
1003,-1.90414948836041,-2.52897789425435
1004,-1.46351185621773,-2.59411680998717
1005,-2.07559003687251,-2.41733867184067
1006,-1.80185766131155,-2.82393437897361
1007,-1.98137949632675,-2.35738886854974
1008,-2.06450977901315,-2.55518790509132
1009,-1.57365806968835,-2.65456885674088
1010,-1.64760590320915,-2.78429414002886
1011,-2.23722735545879,-3.18557126968752
1012,-1.9837539391295,-2.63190111853327
1013,-2.11696509478935,-2.60874974819764
1014,-2.02860543152372,-2.34536421292661
1015,-2.075175055992,-2.80718125435607
1016,-0.908133444165432,-0.884943505926314
1017,-0.81027862519422,-0.893732562702741
1018,-0.908133444165432,-0.884943505926314
1019,-0.975929508919418,-0.96375351529883
1020,-0.908133444165432,-0.884943505926314
1021,-2.32089783169896,-2.69657710923916
1022,-2.0057571542969,-2.53218194079421
1023,-2.07944958080924,-3.23087146656151
1024,-2.25112846714968,-2.97563303302631
1025,-2.01850670622639,-2.66454310815423
1026,-2.25098994681097,-3.12960581703046
1027,-1.83490118462742,-3.20519931761917
1028,-2.25635310935272,-3.18809474029527
1029,-2.21573521781632,-2.97891884953803
1030,-1.68997793969629,-2.98825680268769
1031,-1.88197488364302,-2.80127583855432
1032,-1.93793533513353,-2.90325466501926
1033,-1.83997409716513,-2.48430605094555
1034,-1.94626000255818,-3.20944866324656
1035,-1.58191711183211,-3.02773625337174
1036,-1.80185766131155,-2.82393437897361
1037,-2.38946559740345,-2.84756092360973
1038,-2.28765192051132,-3.05096791477576
1039,-1.48829990363484,-2.60616204868267
1040,-1.57443745852332,-2.63870837009728
1041,-2.19069330189336,-3.10237838367082
1042,-1.55037198433754,-2.68366466649718
1043,-1.96161530877043,-3.04438919397986
1044,-2.20610934959395,-2.70338176322166
1045,-2.26825808729128,-2.67824614709242
1046,-2.23881213155615,-3.03085560782653
1047,-1.87664033565237,-3.164669141468
1048,-1.59904162249044,-2.26378248261372
1049,-2.25635310935272,-3.18809474029527
1050,-1.48829990363484,-2.60616204868267
1051,-1.7513301715569,-2.81885041278179
1052,-2.32867695417034,-2.79827463491192
1053,-1.96716943177777,-3.16267929276049
1054,-2.44135130077497,-2.82930476658977
1055,-0.970848758865053,-0.963249259676729
1056,-0.881251105580426,-0.76631559246806
1057,-0.970848758865053,-0.963249259676729
1058,-2.0928065343437,-3.20554233089487
1059,-2.15922789571404,-3.10493285584212
1060,-2.0106203629485,-2.90584578785326
1061,-1.85551586956566,-2.46192124669135
1062,-1.57443745852332,-2.63870837009728
1063,-2.01901835692455,-2.5560488097237
1064,-2.00873206416627,-3.13342703522389
1065,-1.93329017348176,-2.5197888429853
1066,-2.0106203629485,-2.90584578785326
1067,-2.23128776656085,-3.12740384726657
1068,-1.94596616823505,-2.57599729306427
1069,-1.88968766586909,-3.22044889607277
1070,-2.26357663459937,-2.84887669037966
1071,-1.93778547000907,-2.54621083694246
1072,-1.84515094233934,-2.29340296997079
1073,-1.80578343650076,-2.78949779418757
1074,-1.82471471480456,-2.71188511198298
1075,-2.0057571542969,-2.53218194079421
1076,-2.29954129983692,-1.08815779946135
1077,-0.427933477228291,-0.598616076945133
1078,-1.10209694417006,-0.108465333928942
1079,-0.704537231635632,-0.676093691643046
1080,0.177466440036767,-0.439439989907968
1081,-0.91562056633306,-0.604497263300498
1082,-0.079012857831402,-0.481600504483635
1083,-0.354492124930289,-0.577745258680839
1084,-0.038332348636542,0.061928340135524
1085,-0.448737136985744,-0.816421419756152
1086,-0.757282070708854,0.205029276380769
1087,-0.697806919840996,-0.196825769106758
1088,-0.310679209046362,-0.442792553032892
1089,-0.669800805644124,-0.34965399249416
1090,-1.09932102868081,-0.10283152805128
1091,-0.375867723085841,-0.277070273217627
1092,-0.280633172815358,-0.486090993098076
1093,-1.166227915721,-0.317967463223321
1094,-1.05997139347677,-0.061685378292816
1095,-1.05997139347677,-0.061685378292816
1096,-0.458634832739021,-0.624822344206495
1097,-1.12911511509817,-0.087574431850836
1098,-0.028176950824328,-0.6294479817715
1099,-0.175340294436781,-0.725859076828577
1100,-0.149930976678202,-0.604834681628882
1101,-1.16920948039243,-0.288609311123554
1102,-0.295099704586476,-0.576907067276007
1103,-1.09932102868081,-0.10283152805128
1104,-0.609321199276852,-0.228075019476604
1105,-0.460474984923849,-0.267150534203834
1106,-0.308842070971029,-0.509692994619676
1107,-1.23664884227488,-0.655993013805793
1108,-1.09932102868081,-0.10283152805128
1109,-1.49432658028869,-1.53992263191805
1110,-0.280633172815358,-0.486090993098076
1111,-0.425769085090977,-0.53569125155554
1112,-0.328054899283907,-0.536034652238056
1113,-1.93185816341315,-0.641042528785303
1114,-1.09932102868081,-0.10283152805128
1115,-0.37810511145153,-0.536306863790485
1116,-3.04493947746846,-1.46355862102418
1117,-2.39974397500803,-0.6910402767441
1118,-3.37690729309863,-0.701809090169162
1119,-2.869427712354,-1.037338554626
1120,-2.64100900103572,-1.25748176474692
1121,-2.99258697874598,-1.6373364231281
1122,-2.6088147447165,-1.74924408313132
1123,-2.79782822945132,-1.31855725541387
1124,-3.21391580989354,-1.56475978929602
1125,-3.57441006622952,-1.00569147986237
1126,-2.7963244853178,-1.29302496924672
1127,-2.66422002898428,-1.14345357102248
1128,-2.2135560142937,-0.96158419735283
1129,-2.66422002898428,-1.14345357102248
1130,-2.92019134924935,-1.21379616129161
1131,-2.17163098301905,-1.04488981132839
1132,-2.68109238769799,-1.27799010146082
1133,-2.45112231616219,-0.601298289829121
1134,-2.8674379865577,-1.23413226657352
1135,-3.01210349905187,-1.01411722978557
1136,-2.97166016892616,-1.45396813861763
1137,-2.44104301602438,-0.616152656726672
1138,0.582451846205152,-1.510340997747
1139,-2.58292741725961,-1.12627031842056
1140,-2.27954333340214,-0.817280241802092
1141,0.764099065169487,-1.40831914201764
1142,0.655887242295324,-1.22145997054427
1143,-1.15017104207711,-0.909003707687639
1144,-0.382611263038165,-0.31315573143493
1145,-0.674683017516904,-0.155340034843905
1146,-0.881213467584117,-0.184131552399422
1147,-0.375867723085841,-0.277070273217627
1148,-1.166227915721,-0.317967463223321
1149,-0.470642380580104,-0.472715728367597
1150,-0.425620830137647,-0.511653468791932
1151,-0.775158550588861,0.023601143862397
1152,-0.574036374748831,-0.018440237353764
1153,-1.09932102868081,-0.10283152805128
1154,-0.313257748317336,-0.487972694026213
1155,-0.245738310176568,-0.736256083064695
1156,-0.498594536972305,-0.102260683169454
1157,-0.335919258168087,-0.506232982438063
1158,-1.09842920133051,-0.138206200763594
1159,-0.084903968747879,-0.778706326036764
1160,0.193662761505719,-0.554604154348396
1161,0.115814157978828,-0.345425800754614
1162,-0.276528352401899,-0.441958117480441
1163,-0.821621345816885,0.155831615929494
1164,-0.064905772169142,-0.000408308823874
1165,0.159440874839277,-0.790381953269754
1166,0.073550116951373,-0.310266064121856
1167,0.174185232902047,-0.432421194217642
1168,-0.268071807866407,-0.508700494449032
1169,-0.847984756008078,-0.295186323159279
1170,-1.93185816341315,-0.641042528785303
1171,-0.328054899283907,-0.536034652238056
1172,-0.263503406005066,-0.153182031293909
1173,-0.538802634455426,-0.678822148251818
1174,0.248620574719446,-0.728800326968149
1175,0.358236118514542,-0.623263857188209
1176,0.248620574719446,-0.728800326968149
1177,-0.15447667940224,-0.69242772464685
1178,-0.125545055169246,-0.844467559800791
1179,-0.465941909155198,-0.238115128467464
1180,-1.12911511509817,-0.087574431850836
1181,-0.328054899283907,-0.536034652238056
1182,-0.514602607456702,-0.487145638554231
1183,-0.036503682308362,0.13951344065344
1184,-0.206488176301803,-0.830378618111484
1185,-0.149930976678202,-0.604834681628882
1186,-0.718825789852248,0.384386898727882
1187,-1.93185816341315,-0.641042528785303
1188,-0.507782480613312,-0.510506032205581
1189,-0.148941200477365,-0.509103279641429
1190,-1.09932102868081,-0.10283152805128
1191,-1.12702537777704,-0.081557911238289
1192,-0.313257748317336,-0.487972694026213
1193,-1.09842920133051,-0.138206200763594
1194,-0.215121424059225,-0.505358124482842
1195,-0.511925030488131,-0.253757976718679
1196,-1.09932102868081,-0.10283152805128
1197,0.150230778690294,-0.218591065941512
1198,0.00759114819633,-0.285790492580118
1199,-0.430647384113243,-0.017939912553715
1200,-0.308061874427462,-0.183983668718264
1201,0.248620574719446,-0.728800326968149
1202,-0.196969102933561,-0.289220569478917
1203,0.386648905882375,-0.52630865872875
1204,-0.086649725629027,-0.731353628108504
1205,-0.730390280634534,0.037466049470605
1206,-0.118906848112851,-0.224195833436678
1207,-0.689085510137347,-0.351286853974944
1208,-0.435177914469369,-0.182947161267706
1209,-0.286852670565655,-0.57403379195224
1210,-0.106491175177568,-0.266317979752963
1211,-0.381530345537713,-0.778832183330333
1212,-0.144499716751875,-0.302318561222302
1213,-0.509099365865634,-0.249899151499417
1214,-0.384408623870272,-0.527501415213207
1215,-0.210105317717522,-0.588033773710832
1216,-0.831714429988875,-0.184483098168325
1217,-0.281681741542825,2.26957413403892
1218,-0.241474252788577,1.98375205948625
1219,-0.072437738860429,3.25965614180812
1220,0.02232996524109,1.74125402195491
1221,-0.037782773500493,3.12663874446695
1222,-0.249390911270134,0.947599413527421
1223,0.02927387961531,3.36085772450648
1224,-0.823602405265916,2.08724448079805
1225,-1.30172960513613,0.428672819178955
1226,-0.110863796516617,2.78030233747928
1227,0.255149370757649,3.0719841806521
1228,0.350870405814493,3.05750709615751
1229,-0.508844387719765,2.58555735609784
1230,-0.201215639756861,2.89786275844964
1231,0.13621952311762,2.09736877605187
1232,0.110048345431728,3.00305758650078
1233,0.026746305290615,3.00897464835247
1234,-0.142656450963546,2.76243043361856
1235,-0.508844387719765,2.58555735609784
1236,-0.16287899568785,2.33616719589465
1237,-0.670744503748741,1.8651717164262
1238,-0.163767616924923,3.11901185508185
1239,-0.359820886120983,2.66081019050655
1240,-0.152057799541163,2.56492697026984
1241,-0.113945108277534,3.2478994696379
1242,-0.335641771216735,2.54950725751925
1243,-1.00444651353753,2.63490816540999
1244,-1.31724334849733,2.10599336885464
1245,-0.512999071795682,1.75792400053007
1246,0.086550592730896,2.64519464668603
1247,-0.105124019825101,2.87704522707368
1248,-0.968489714850249,2.24005907748602
1249,-0.043440138468525,2.49785011617121
1250,0.015472852241654,3.06397604529929
1251,-0.482368191055784,2.5145012481559
1252,-0.108960859077374,2.74246518936326
1253,-0.309992551745573,2.06691737305102
1254,0.117569782698899,2.51100823351536
1255,-0.072437738860429,3.25965614180812
1256,-0.635308062613489,2.50494152213832
1257,-0.072437738860429,3.25965614180812
1258,0.255751505348151,3.08895059613929
1259,-0.512999071795682,1.75792400053007
1260,-1.02059721236461,2.39130949867447
1261,-0.1993533891402,2.38814315327675
1262,-0.101946867441626,3.25850972577309
1263,0.58039950371091,2.09167954717974
1264,0.012493288986991,2.83930021743359
1265,0.138778275372475,3.0071433337838
1266,-0.883326147283478,2.01593753655834
1267,0.007752070417518,2.71081173464945
1268,0.053450592028847,2.56535553968484
1269,-0.201215639756861,2.89786275844964
1270,0.195220054443089,2.93997120478782
1271,-0.044350966058738,3.20319081220797
1272,-0.107483386186913,3.19361694592356
1273,0.21567410910004,3.19266895269561
1274,0.503006233819364,3.24697025247301
1275,0.015472852241654,3.06397604529929
1276,-0.081805298568572,2.49103584191019
1277,-0.2682401420858,3.06370835218818
1278,0.109655464900508,1.26070687142489
1279,-0.869178730763868,2.34390412211452
1280,0.101725649574197,1.31244462919505
1281,-0.803327981811447,2.10237764132728
1282,-0.196372601700406,2.23388736109081
1283,-0.550593844266556,0.212055535045975
1284,-0.180049814831432,2.19379842060334
1285,-2.14304342970368,-2.09990520007989
1286,-2.03845570418181,-2.32202270646354
1287,-0.376484898017833,-0.841472006734266
1288,-1.03645731866393,-0.916807529176204
1289,-0.419817524457416,-1.24287991438024
1290,-0.616404874823355,1.32781270079233
1291,0.411862865935124,2.97047695984741
1292,-0.161619123762832,3.03379105263854
1293,-0.101946867441626,3.25850972577309
1294,0.515707360398927,3.52426004145871
1295,-2.07136456715197,-2.09454186464804
1296,0.177693026639776,2.69688120615427
1297,-0.023410317653024,2.71169945580222
1298,0.063969533464722,2.91118760963312
1299,-0.018400380532899,2.66885150293608
1300,0.090603646386209,3.20363194834659
1301,-0.122594865568212,2.95358656378647
1302,0.054750088816746,3.09673332339927
1303,0.408591487233791,2.82393854253237
1304,-0.229629100053419,2.37746114266521
1305,0.195220054443089,2.93997120478782
1306,-0.63949344439954,2.07687068423047
1307,0.124298206954867,3.02971425998923
1308,-0.747369843969116,2.29949131436532
1309,0.312310484550271,2.5713625957461
1310,-0.180049814831432,2.19379842060334
1311,-0.005073729483646,3.23594809030795
1312,0.007752070417518,2.71081173464945
1313,0.031704898250682,3.10419963106369
1314,-0.468494952394945,0.278862298481404
1315,0.32096357143767,1.24598844240856
1316,-0.774287014680793,1.93973512931185
1317,-0.886279316285921,1.66236766312102
1318,-0.171920875403151,2.66501574387529
1319,-0.512999071795682,1.75792400053007
1320,-0.077005764720551,2.80843487341716
1321,-0.187736040919451,2.53604806457464
1322,-0.149274289239735,2.6057049731893
1323,-0.163767616924923,3.11901185508185
1324,-0.120676517731762,2.66621876212917
1325,-1.06669180429056,2.37011406090497
1326,0.029173627433609,2.56081441300636
1327,-1.12791084060607,0.124585579969936
1328,-0.099900183284681,0.422263387327093
1329,-2.17401959081639,-2.07339333246984
1330,-1.00080059481874,2.24928382331326
1331,0.503006233819364,3.24697025247301
1332,0.015472852241654,3.06397604529929
1333,-0.101946867441626,3.25850972577309
1334,-0.351734530772183,2.34608583643641
1335,0.437109595872781,3.42612360981047
1336,-0.118057630777938,0.113968853398648
1337,-0.232456008151689,2.29005680989034
1338,0.031704898250682,3.10419963106369
1339,-0.082312020315365,2.66511951484472
1340,-0.229321932089125,2.62345169723447
1341,0.007752070417518,2.71081173464945
1342,-0.744179441407378,2.51689290146827
1343,0.60374374135575,2.54028168130464
1344,0.114337395689109,2.59066060682863
1345,-0.465315889410008,2.58359571078667
1346,0.476430123823834,3.49150276335873
1347,0.476430123823834,3.49150276335873
1348,-0.15324298979894,2.6549217777564
1349,-0.082312020315365,2.66511951484472
1350,-0.022421894065554,3.28172067861394
1351,-0.118163645483175,2.49331632964194
1352,-0.826888788087059,1.71846011269521
1353,-0.046998355339442,2.48155713569775
1354,-1.33276679332603,-0.42879856562759
1355,-2.36047141579454,-1.36014930274381
1356,-0.998141565902016,-0.054467597411291
1357,-1.65677945923549,-1.08402986348735
1358,0.487047975287793,-0.378177893517231
1359,-1.61749337192411,-0.814123664135776
1360,0.34707161474824,-3.06491467091388
1361,0.12070298898446,0.860447315520587
1362,-0.268328314153917,1.33597081828409
1363,-1.83296906835592,1.73878853865035
1364,-1.38414291586766,2.46026750811227
1365,-1.4221243731364,2.27069984562491
1366,-2.40756424950513,0.014455613507349
1367,-1.41585321056755,-2.67645676221988
1368,-1.00017149538939,-1.07819224624317
1369,-1.00017149538939,-1.07819224624317
1370,-1.49863384335375,0.385787131178243
1371,-2.16176253705716,1.20631139335412
1372,-1.88238149762009,2.15806895211072
1373,-0.259019222634095,0.691417421446791
1374,-0.371726439827912,1.28207018017628
1375,-1.75525902376488,0.783601677592332
1376,-1.14987515327991,0.369841612706031
1377,0.491006915108396,1.15657380696416
1378,-0.43896355892014,0.376039768170942
1379,0.502682517828312,0.493827400411288
1380,-0.99836591401246,0.797095504168433
1381,-0.743654803715722,0.253131104325998
1382,-0.946665463446294,1.20848584014552
1383,-1.27789057706625,1.62260847300158
1384,-0.779544194572131,1.74484621983558
1385,-0.943991602476563,0.473884982248442
1386,-0.390707957560191,0.545040464172694
1387,-1.65210487936556,1.94737849898309
1388,-2.23325520121362,0.770944344531347
1389,-0.408894738480155,0.801661516824988
1390,-1.61366943080084,2.02482764781273
1391,-0.023879666589893,0.510728283071905
1392,-1.02722330469756,1.02366513786534
1393,-0.561246220459218,2.10847555865239
1394,-0.641268072800807,2.24775956445637
1395,-0.641268072800807,2.24775956445637
1396,-0.681346211569845,2.35029873529884
1397,-0.531788010003037,2.20196153917296
1398,-0.711162703204828,2.43649013698386
1399,-0.513900345302903,1.60232304580959
1400,-0.541627942117683,2.3349611318254
1401,-0.541627942117683,2.3349611318254
1402,-0.642999800200024,1.8353305611987
1403,-0.541627942117683,2.3349611318254
1404,-0.541732955873684,0.982717727242759
1405,-0.719961115174456,2.37541775988213
1406,-0.700762051627618,2.24592584584848
1407,-0.098331745764084,0.900123985153799
1408,0.21567410910004,3.19266895269561
1409,-0.409558990878328,-1.20434261571555
1410,-0.366574322177429,-1.18129295191805
1411,-0.309739452356249,-1.06413094625716
1412,-0.254139275318499,-1.09532435392266
1413,-0.255268517458302,-1.05053253284325
1414,-0.30922950127588,-1.0514833023898
1415,-0.342502777264407,-1.0140378733276
1416,-0.35047631606722,-1.01818595909065
1417,-0.395811672883399,-1.0953981739453
1418,-0.252405350378249,-0.870300797334605
1419,-0.416407941637967,-0.962494220613249
1420,-0.308411759780862,-0.955211524275069
1421,-0.306275832950581,-0.929215892516459
1422,-0.320234875352424,-0.878878794250544
1423,-0.288146054421236,-0.813393921877139
1424,-0.271014838517519,-0.732353576813637
1425,-0.293494702749891,-0.781337644970727
1426,-0.354418868544564,-0.792714542211184
1427,-0.308610210216447,-1.10892276733657
1428,-0.427755409127318,-1.07538417222606
1429,0.086550592730896,2.64519464668603
1430,-0.243671678867919,2.20277272990581
1431,0.007752070417518,2.71081173464945
1432,-0.072437738860429,3.25965614180812
1433,-0.000140118030534,2.65975477368175
1434,0.063969533464722,2.91118760963312
1435,-0.431965460562357,2.83991890339762
1436,-0.104759748274689,2.41818962332274
1437,-0.02084383088107,2.91610536247924
1438,-0.074974927087074,2.94782115713382
1439,0.031704898250682,3.10419963106369
1440,0.026215166501583,2.53012975725305
1441,-0.324105258903303,2.70629543016368
1442,-0.223767418518245,2.60299985575541
1443,-0.26442719638291,2.5773299776026
1444,0.007752070417518,2.71081173464945
1445,0.047078180222307,2.69106660397684
1446,0.086550592730896,2.64519464668603
1447,0.107139720064259,2.70481995197937
1448,0.195220054443089,2.93997120478782
1449,0.007752070417518,2.71081173464945
1450,0.54539529383382,3.75422740466825
1451,0.19914607185265,3.26698164907661
1452,-0.522043373062556,2.11378282218356
1453,0.255751505348151,3.08895059613929
1454,-0.41442747765553,2.29163784459897
1455,0.063969533464722,2.91118760963312
1456,0.054750088816746,3.09673332339927
1457,-0.120080834782117,2.51937346768357
1458,-0.000314940730233,3.18273401233751
1459,-0.229629100053419,2.37746114266521
1460,-0.002830748012747,2.98741495373173
1461,-0.113945108277534,3.2478994696379
1462,0.046635953394698,2.49933929346773
1463,-0.219436684681232,2.95430977130834
1464,-0.12003875730723,2.7607371240917
1465,0.503006233819364,3.24697025247301
1466,0.029173627433609,2.56081441300636
1467,0.273036796230432,3.14363985111386
1468,-0.020503565095461,2.45144842888424
1469,0.17866287954971,2.93221173411692
1470,0.039859439231257,2.97311838312739
1471,0.099476469022368,2.70643715103217
1472,0.126851669544412,2.60923541635551
1473,0.063969533464722,2.91118760963312
1474,-0.196372601700406,2.23388736109081
1475,-0.012095402092353,2.79102523144072
1476,-1.33230448869669,2.70941331401323
1477,0.195220054443089,2.93997120478782
1478,-0.294587599416112,4.69497292707261
1479,-1.2226772962477,2.27485801156702
1480,-0.0414406368844,2.62703937929833
1481,-0.768115083595522,3.46757677889427
1482,0.475891285688795,2.2169016086752
1483,-0.166648551690428,2.48029935074677
1484,0.585301502617723,3.47955138402878
1485,-0.236399274818914,2.46555613244266
1486,-0.111382671420212,2.42114344887121
1487,0.026529484096724,2.68055233773163
1488,-0.304951533452403,2.13528107718798
1489,0.047099125914302,2.65324003360191
1490,0.19524499861064,2.6727884270278
1491,0.082726614373623,2.68981565705545
1492,-0.023734135489247,2.64992420163439
1493,-0.165942194712002,2.49517634340964
1494,0.007752070417518,2.71081173464945
1495,0.031704898250682,3.10419963106369
1496,-0.042591322512847,3.24109876277152
1497,-0.101946867441626,3.25850972577309
1498,0.894347662012886,0.923372330893629
1499,-0.47193718639294,1.62304539414838
1500,0.130053928980887,2.57181554250386
1501,-1.03354708431537,1.67351204584482
1502,0.116623449211407,2.69886035531949
1503,0.054750088816746,3.09673332339927
1504,0.526792608896459,3.35338040992767
1505,-0.293947391056251,2.73577342582716
1506,-0.81144076782998,1.38432524041742
1507,-1.16160002610047,1.73194054527126
1508,-0.521150341060408,2.02442303330382
1509,0.476430123823834,3.49150276335873
1510,0.138408058286803,2.83171089070311
1511,-0.989962322507073,0.747844347890454
1512,-0.550134785265549,0.481393654914204
1513,-1.15467768746847,0.305619584096162
1514,0.565400434489392,0.548326378128098
1515,0.022647593512371,-0.193160304323735
1516,-0.265712451562795,-0.723955785417137
1517,-0.039186296345451,-0.552625199021582
1518,-0.899917835417585,-0.059264639179064
1519,-0.069749334719897,-0.28977563065532
1520,-0.088595566576605,0.952995445644065
1521,0.466949914978571,-0.264836468997443
1522,0.210033080839378,-0.985319076170692
1523,-0.229629100053419,2.37746114266521
1524,-0.048552147855646,3.00765995466486
1525,-0.198036100173004,3.1174921335884
1526,0.199580210570362,3.14447313184899
1527,0.176551606231498,2.97384774900385
1528,0.086550592730896,2.64519464668603
1529,-0.108960859077374,2.74246518936326
1530,-0.07162996179792,3.18104379024318
1531,0.149909990520291,2.52808707396928
1532,-0.163767616924923,3.11901185508185
1533,-0.911828909503327,-0.358236974491804
1534,-1.55395708050408,0.317975840467318
1535,-0.37561781082272,2.68530167974454
1536,-0.630804355440737,3.49171351489007
1537,-2.65170523043581,2.0306451793333
1538,-0.15022772632407,3.08290735859492
1539,0.039137118544557,2.69251205178174
1540,-0.012095402092353,2.79102523144072
1541,0.092720347165772,2.71620078661289
1542,-0.080427956704235,2.77837521328664
1543,-1.03995888852123,2.07425084866941
1544,-0.315197797132291,2.53117322040607
1545,-0.180049814831432,2.19379842060334
1546,0.117569782698899,2.51100823351536
1547,0.347234141830309,3.03438388780107
1548,0.170314711057418,3.33207852167391
1549,-0.101946867441626,3.25850972577309
1550,-1.19869793420512,1.38558409203152
1551,-0.634904978976918,3.00781942105167
1552,0.076835184809784,3.12098476958775
1553,0.337320892808242,3.25584730389196
1554,0.124298206954867,3.02971425998923
1555,-0.212630269035619,2.50371344162011
1556,0.195220054443089,2.93997120478782
1557,-0.072437738860429,3.25965614180812
1558,-0.151237536140969,2.62193327433905
1559,-0.257121782755409,3.06902657723741
1560,-0.022337638626088,2.83196320183822
1561,-1.72201504375481,3.27557384383249
1562,-1.12330638425094,1.08764391272134
1563,-0.157219213460025,0.593157256940796
1564,-0.910143166192218,-0.180446650360127
1565,0.209885545166288,0.909932587930082
1566,-0.041269423139906,2.0002148905815
1567,-1.13874783935802,0.511535063777412
1568,-0.036851829409811,2.29556723840975
1569,-0.552793239885069,2.09382468447448
1570,6.20809450630779,-0.19007242923311
1571,7.24918299224747,-1.29583940016765
1572,-0.45818984872704,2.02701667436628
1573,-2.44155694422809,0.846331539428351
1574,6.20809450630779,-0.19007242923311
1575,-0.173231476494452,2.22376077455021
1576,6.67351588538598,-2.28996712089314
1577,-0.547965448010624,2.62692821645028
1578,-0.808536036567841,2.45669201885081
1579,1.96186988304336,1.58543297743354
1580,-0.299267092638799,2.56778517744839
1581,5.59778599084307,-2.09801086894078
1582,7.24918299224747,-1.29583940016765
1583,7.24918299224747,-1.29583940016765
1584,-0.351325765241863,2.13048811019324
1585,7.24918299224747,-1.29583940016765
1586,-0.239012812767545,2.10991961657557
1587,6.20809450630779,-0.19007242923311
1588,7.24918299224747,-1.29583940016765
1589,-0.342218004376118,2.68244536139936
1590,-0.520728022507402,-0.7398231025748
1591,0.55473013411497,3.13576677386222
1592,-0.429338859040385,-0.739717269930482
1593,0.006591766221442,2.42247549934984
1594,-0.069071337513681,-0.375728171357582
1595,-0.060222367586087,-0.190347360111801
1596,-0.456368370633737,-0.664389059216273
1597,0.036024355663031,-0.192462883474519
1598,2.37129370376686,2.26625864465671
1599,-0.412404982866256,1.54893265573322
1600,7.24918299224747,-1.29583940016765
1601,7.24918299224747,-1.29583940016765
1602,-0.39975362030513,3.93527080995964
1603,2.33949173870624,0.532760763989288
1604,5.23531018500814,-1.47568093471173
1605,-0.74990869196701,1.91358306505157
1606,-0.505137592396009,1.92471661365726
1607,7.24918299224747,-1.29583940016765
1608,1.68869692882745,2.08008707466779
1609,2.37129370376686,2.26625864465671
1610,2.33949173870624,0.532760763989288
1611,6.20809450630779,-0.19007242923311
1612,5.32045904765456,-1.94333222646865
1613,7.24918299224747,-1.29583940016765
1614,3.79023182463098,2.41545365939644
1615,3.79023182463098,2.41545365939644
1616,3.79023182463098,2.41545365939644
1617,3.79023182463098,2.41545365939644
1618,-1.08321189085833,2.05426903852158
1619,0.151711210130797,-0.481443822064166
1620,0.588471145794104,0.379249083922389
1621,4.91587139116302,-1.48537098224957
1622,-0.70234234532797,0.756287855408339
1623,7.24918299224747,-1.29583940016765
1624,0.5869499286732,2.61056497158545
1625,-0.39975362030513,3.93527080995964
1626,-0.39975362030513,3.93527080995964
1627,-0.163319527056373,2.53550678048189
1628,5.66659836819126,-0.89097394463518
1629,0.384044689323856,2.47126261159217
1630,6.20809450630779,-0.19007242923311
1631,7.24918299224747,-1.29583940016765
1632,7.24918299224747,-1.29583940016765
1633,7.24918299224747,-1.29583940016765
1634,5.66659836819126,-0.89097394463518
1635,-0.478836412426166,2.12780549122214
1636,3.79023182463098,2.41545365939644
1637,3.79023182463098,2.41545365939644
1638,-1.78827926799447,1.68240916271288
1639,7.24918299224747,-1.29583940016765
1640,5.66659836819126,-0.89097394463518
1641,5.66659836819126,-0.89097394463518
1642,3.79023182463098,2.41545365939644
1643,3.79023182463098,2.41545365939644
1644,6.03565960471337,-1.06226880385967
1645,-0.39975362030513,3.93527080995964
1646,6.23533868929149,-1.61138333857203
1647,7.24918299224747,-1.29583940016765
1648,6.20809450630779,-0.19007242923311
1649,6.07939715395567,-1.40676329940588
1650,-0.39975362030513,3.93527080995964
1651,-0.882257564656471,1.97275335146489
1652,7.24918299224747,-1.29583940016765
1653,-0.505137592396009,1.92471661365726
1654,5.66659836819126,-0.89097394463518
1655,7.24918299224747,-1.29583940016765
1656,3.79023182463098,2.41545365939644
1657,6.03565960471337,-1.06226880385967
1658,6.20809450630779,-0.19007242923311
1659,3.79023182463098,2.41545365939644
1660,0.384044689323856,2.47126261159217
1661,4.99469546852447,-1.98992655199322
1662,6.47943309023253,-1.38765110841104
1663,2.37129370376686,2.26625864465671
1664,1.68869692882745,2.08008707466779
1665,2.73373999986722,1.65010014474776
1666,7.24918299224747,-1.29583940016765
1667,6.20809450630779,-0.19007242923311
1668,7.24918299224747,-1.29583940016765
1669,-0.144931352599706,3.02218499753238
1670,7.24918299224747,-1.29583940016765
1671,-0.153720590877712,3.88087262459391
1672,7.24918299224747,-1.29583940016765
1673,0.079674747853299,3.32906274713375
1674,-0.087289745708311,1.4606337192696
1675,-0.196224028677866,0.420574586320866
1676,0.121947907199571,1.62638919952309
1677,0.088503370750961,2.99527120126281
1678,-0.046772793254744,1.4247690859853
1679,0.384044689323856,2.47126261159217
1680,7.24918299224747,-1.29583940016765
1681,6.11881887352344,-0.99844909807693
1682,7.24918299224747,-1.29583940016765
1683,7.24918299224747,-1.29583940016765
1684,6.67351588538598,-2.28996712089314
1685,-0.720503068770928,1.8550714820407
1686,7.24918299224747,-1.29583940016765
1687,-0.709292045574133,2.21109902502553
1688,5.66659836819126,-0.89097394463518
1689,5.59778599084307,-2.09801086894078
1690,2.37129370376686,2.26625864465671
1691,-0.738986656558122,1.93206809234417
1692,-0.791385375436872,1.90901317892982
1693,7.24918299224747,-1.29583940016765
1694,-1.79849983650493,2.26218420267337
1695,0.750020786552665,2.25023796666157
1696,-0.343636414803894,2.33941213190607
1697,0.198233189940876,1.71583954352
1698,-0.63949344439954,2.07687068423047
1699,0.384044689323856,2.47126261159217
1700,-0.819689437365589,-0.013692289296272
1701,7.24918299224747,-1.29583940016765
1702,0.384044689323856,2.47126261159217
1703,0.904610059451169,3.19247916042716
1704,7.24918299224747,-1.29583940016765
1705,-0.696609105570907,1.93060189854647
1706,5.66659836819126,-0.89097394463518
1707,7.24918299224747,-1.29583940016765
1708,-0.655220089670231,2.34084538779651
1709,7.24918299224747,-1.29583940016765
1710,0.198233189940876,1.71583954352
1711,7.24918299224747,-1.29583940016765
1712,1.97436652154476,2.63395641458568
1713,-0.997395626408121,1.98314489248478
1714,7.24918299224747,-1.29583940016765
1715,6.11881887352344,-0.99844909807693
1716,1.58123575366529,2.95048480146067
1717,-0.390367548710884,2.7389826668828
1718,7.24918299224747,-1.29583940016765
1719,-0.966603551338829,0.207808895736113
1720,0.496893503139065,2.43816028687312
1721,7.24918299224747,-1.29583940016765
1722,-0.927890617792542,0.028508838605446
1723,0.283560462101956,2.68578850971377
1724,7.24918299224747,-1.29583940016765
1725,-0.828634201533406,-0.149853390797041
1726,7.24918299224747,-1.29583940016765
1727,-0.247266787927989,1.33921966679173
1728,1.97436652154476,2.63395641458568
1729,-1.33174566333515,2.46328490346889
1730,7.24918299224747,-1.29583940016765
1731,-0.420279252733977,3.17879363252225
1732,-0.785028866181406,0.357561700325639
1733,-0.778406360150559,-0.106451113526169
1734,7.24918299224747,-1.29583940016765
1735,7.24918299224747,-1.29583940016765
1736,1.97436652154476,2.63395641458568
1737,-0.865794146495425,2.39420175099814
1738,-0.030421994113191,3.29242155240283
1739,7.24918299224747,-1.29583940016765
1740,-0.869178730763868,2.34390412211452
1741,-0.282253054844382,2.48240834410854
1742,7.24918299224747,-1.29583940016765
1743,6.0146369646486,-1.57059701950638
1744,-0.09605290411896,2.4296213487475
1745,1.41195601517816,2.43148020466102
1746,-0.588584496235993,1.0071330271105
1747,-0.380613260489298,2.22458904649731
1748,-0.778406360150559,-0.106451113526169
1749,-1.87709760103107,2.16404777102513
1750,7.24918299224747,-1.29583940016765
1751,6.23533868929149,-1.61138333857203
1752,5.29608046806048,-1.23810797354622
1753,0.256307712384736,0.070897954353187
1754,6.11881887352344,-0.99844909807693
1755,-0.712548285482824,0.746633070321788
1756,-0.76120961439932,0.694178942733019
1757,0.056757217527035,1.34615398771274
1758,-0.046877330405356,1.26836718816063
1759,0.139356200765115,1.25187439497036
1760,-0.718840519994437,1.01979147846666
1761,-0.712548285482824,0.746633070321788
1762,7.24918299224747,-1.29583940016765
1763,0.063960034192586,-0.022210026880444
1764,-0.556831747444527,0.638239827092646
1765,2.27969137018813,2.37865424245919
1766,-0.738366680621111,0.842906052765767
1767,6.11881887352344,-0.99844909807693
1768,-0.842304979190761,-0.017009725361414
1769,7.24918299224747,-1.29583940016765
1770,-1.58797315032947,0.427716557097248
1771,7.24918299224747,-1.29583940016765
1772,-0.841572292827272,1.31788078498425
1773,7.24918299224747,-1.29583940016765
1774,7.24918299224747,-1.29583940016765
1775,6.23533868929149,-1.61138333857203
1776,-1.00061615411442,2.28188695204268
1777,-1.48471308691052,1.28610704353173
1778,7.24918299224747,-1.29583940016765
1779,-0.86616932494342,-0.291288179382293
1780,5.54315176666196,-1.99257681880242
1781,-0.16287899568785,2.33616719589465
1782,2.00774356006167,3.12466915611936
1783,7.24918299224747,-1.29583940016765
1784,5.32045904765456,-1.94333222646865
1785,7.24918299224747,-1.29583940016765
1786,5.54315176666196,-1.99257681880242
1787,-0.565948083406724,-0.294767079329686
1788,-0.432250647430741,1.92297242614539
1789,-0.341731939422834,1.07863559486937
1790,-0.678124579927906,0.832421117364234
1791,0.186462391296512,0.9185132180323
1792,-1.18934033444541,1.99924668743592
1793,-0.39975362030513,3.93527080995964
1794,-0.512999071795682,1.75792400053007
1795,-0.572669256770504,2.27210367659674
1796,6.67351588538598,-2.28996712089314
1797,-0.875877252737839,1.92786447057082
1798,-0.042255626272059,1.20859897576316
1799,7.24918299224747,-1.29583940016765
1800,-0.044209649360919,1.17981812568284
1801,2.00774356006167,3.12466915611936
1802,-0.615027928243686,2.53744944792926
1803,7.24918299224747,-1.29583940016765
1804,-0.380613260489298,2.22458904649731
1805,-0.926833408594341,2.11367638304595
1806,-0.928276519077294,2.38388839250426
1807,7.24918299224747,-1.29583940016765
1808,-1.32060058762631,1.8275661101012
1809,-0.181797369197345,2.44578864828216
1810,-0.680459262345845,0.370716979428387
1811,2.00774356006167,3.12466915611936
1812,7.24918299224747,-1.29583940016765
1813,-0.53910507147458,1.91166174877489
1814,7.24918299224747,-1.29583940016765
1815,-0.087060122687814,1.83654841571092
1816,-0.49014653090813,1.83420558684515
1817,-0.113480043892663,-0.196431071900443
1818,0.088965377148851,1.39102517877302
1819,-0.14960442552882,2.43019811515589
1820,-1.15110511296811,1.72496252645645
1821,-0.076996087652067,0.013696152404499
1822,-0.295925576522439,2.27879661565106
1823,-3.59606941410361,-0.671243490733163
1824,-0.127433432193591,2.12746598464055
1825,-1.0448296401865,2.16560017609378
1826,-0.217418943822452,2.47321353870267
1827,-0.241474252788577,1.98375205948625
1828,0.155419851154588,0.25832614350134
1829,1.68869692882745,2.08008707466779
1830,-0.39975362030513,3.93527080995964
1831,-0.39975362030513,3.93527080995964
1832,7.24918299224747,-1.29583940016765
1833,1.57217180154126,2.24278481016584
1834,0.309610868594495,1.99819513291393
1835,-0.589642939531249,2.29133888113291
1836,-0.062007585070087,1.80827827739213
1837,-0.479582018323016,1.55287614104436
1838,-0.429338859040385,-0.739717269930482
1839,-1.03995888852123,2.07425084866941
1840,-0.069071337513681,-0.375728171357582
1841,0.207721221572658,2.48976740947148
1842,0.271355160133686,2.33601081904512
1843,-0.845206641628029,-0.030223769427561
1844,0.384044689323856,2.47126261159217
1845,4.99469546852447,-1.98992655199322
1846,6.07939715395567,-1.40676329940588
1847,0.384044689323856,2.47126261159217
1848,-0.794871956569069,2.10275825697746
1849,0.384044689323856,2.47126261159217
1850,2.37129370376686,2.26625864465671
1851,-0.823974038396792,1.96989149697136
1852,5.59778599084307,-2.09801086894078
1853,7.24918299224747,-1.29583940016765
1854,-0.867286343488381,1.77948266041624
1855,3.79023182463098,2.41545365939644
1856,7.24918299224747,-1.29583940016765
1857,5.59778599084307,-2.09801086894078
1858,-0.560030656943171,1.09015095854127
1859,0.325751759928796,0.974645671208823
1860,7.24918299224747,-1.29583940016765
1861,7.24918299224747,-1.29583940016765
1862,5.59778599084307,-2.09801086894078
1863,3.79023182463098,2.41545365939644
1864,3.79023182463098,2.41545365939644
1865,-0.195664932598992,2.31302975381303
1866,1.97436652154476,2.63395641458568
1867,-0.965036929571816,1.60145178995774
1868,-0.37704726036779,2.00154179890796
1869,-0.35849466283956,-0.125008887158731
1870,-1.10315499751315,1.0508445710673
1871,3.87285005371851,1.74851615715674
1872,-1.20740260550867,1.29201761248454
1873,5.66659836819126,-0.89097394463518
1874,7.24918299224747,-1.29583940016765
1875,-0.917812550062436,2.14443004792411
1876,-0.626176094632986,2.75474914871079
1877,3.79023182463098,2.41545365939644
1878,-0.909488316424092,1.25815737117816
1879,2.37129370376686,2.26625864465671
1880,7.24918299224747,-1.29583940016765
1881,7.24918299224747,-1.29583940016765
1882,7.24918299224747,-1.29583940016765
1883,-0.290002203769802,-2.91404343289456
1884,5.66659836819126,-0.89097394463518
1885,-0.39975362030513,3.93527080995964
1886,0.018453704423328,2.24977250293372
1887,6.11881887352344,-0.99844909807693
1888,-0.347090742799099,2.8877356957782
1889,-0.688778849509805,0.088849002372877
1890,0.86657090693404,-4.68937486489386
1891,1.4757741214904,2.47597477624902
1892,7.24918299224747,-1.29583940016765
1893,7.13784232198929,-2.61608718626613
1894,7.24918299224747,-1.29583940016765
1895,7.00570386548264,-1.26989735437673
1896,-0.9885579397459,2.42224125188564
1897,7.24918299224747,-1.29583940016765
1898,7.24918299224747,-1.29583940016765
1899,1.97436652154476,2.63395641458568
1900,0.44243887247313,1.65901477346544
1901,-0.739933934056635,2.24241927406463
1902,7.24918299224747,-1.29583940016765
1903,2.1065981095145,2.63817066033163
1904,6.11881887352344,-0.99844909807693
1905,7.24918299224747,-1.29583940016765
1906,-0.916983304360753,0.006531962328056
1907,2.37129370376686,2.26625864465671
1908,7.24918299224747,-1.29583940016765
1909,6.20809450630779,-0.19007242923311
1910,6.20809450630779,-0.19007242923311
1911,7.24918299224747,-1.29583940016765
1912,-0.030421994113191,3.29242155240283
1913,7.24918299224747,-1.29583940016765
1914,6.67351588538598,-2.28996712089314
1915,7.24918299224747,-1.29583940016765
1916,6.20809450630779,-0.19007242923311
1917,2.37129370376686,2.26625864465671
1918,0.141084527106348,2.47500006465538
1919,5.73939334418134,-0.401987293089562
1920,-0.3854188965482,2.39060208917012
1921,-0.833214868435072,0.006955166853954
1922,5.23531018500814,-1.47568093471173
1923,4.37598100155473,-1.12851895395332
1924,7.24918299224747,-1.29583940016765
1925,7.24918299224747,-1.29583940016765
1926,0.384044689323856,2.47126261159217
1927,0.507419723963438,2.56153668313027
1928,7.24918299224747,-1.29583940016765
1929,-0.292022326144688,2.84672822810329
1930,0.110137865098006,1.57922233432527
1931,1.91145323121389,2.97944228344622
1932,-0.986918968385777,2.2683335665936
1933,7.24918299224747,-1.29583940016765
1934,3.67946875207021,3.15707190710277
1935,-0.052803450357247,2.44887093245512
1936,-0.705195124208047,1.94041622918524
1937,7.24918299224747,-1.29583940016765
1938,-0.702932445475138,2.66834330673041
1939,-0.629462646414896,2.42863682185006
1940,-1.07574216550894,1.76940101255355
1941,7.24918299224747,-1.29583940016765
1942,0.02232996524109,1.74125402195491
1943,-1.47150180172989,-0.706321644103131
1944,-0.772839631121615,-0.002998867374775
1945,-0.954256575000667,1.43818031175628
1946,0.106242916860039,0.902860560021199
1947,0.686520490358761,-0.685334465441368
1948,-1.54227279113692,1.45067366953471
1949,-0.097835259371163,-0.22438231304437
1950,-1.20450625989596,-0.063795300787731
1951,-1.23074217482944,0.276340186502742
1952,-1.32338827253517,-1.19320906863746
1953,-0.240095219683825,-0.373884631610369
1954,-1.18500917584127,-0.454165385479225
1955,0.122480726286214,0.020023525575681
1956,1.05441688350918,0.035497291611464
1957,-1.09165436887672,-0.414036191033714
1958,-1.36321669769248,-0.582174144424039
1959,0.024050076972437,2.07298704779444
1960,-0.097835259371163,-0.22438231304437
1961,0.44721534401823,0.606219206372345
1962,-0.097835259371163,-0.22438231304437
1963,-0.906607884422693,1.24189392509517
1964,0.204489084749446,0.140370050656321
1965,-1.1283854062717,0.231336792950328
1966,-1.69138200936297,0.547217683925531
1967,-0.556501491867827,-0.147780930408847
1968,-0.860524634130316,1.11841710772826
1969,0.626209709949485,-0.137472789828015
1970,-1.8363176819127,-0.63253042769021
1971,-1.35537935179653,0.572577190714132
1972,0.135750682425698,0.427615534701567
1973,1.07075678712962,0.047495607496111
1974,-0.021031636356858,-0.288338208907447
1975,-1.02829460463758,1.05765510204997
1976,-0.868761781929284,0.503750078820943
1977,-1.17544339657144,2.19433436668634
1978,-1.1405535096422,2.19415537284019
1979,-1.16867586350942,2.20809332279007
1980,-1.13098558119072,2.18756395314135
1981,-1.16999466189751,2.24241263329916
1982,-1.12732311760502,2.18033343030568
1983,-1.12791084060607,0.124585579969936
1984,-1.11526629392833,2.16449189360705
1985,-1.15068197255935,2.21091337131468
1986,-1.15344038190013,2.22126998795441
1987,-1.08267286828538,2.22851479891127
1988,-1.05819380686606,2.27045737455268
1989,-1.14400841113358,2.20169907292772
1990,-1.04408253654349,2.2501498783612
1991,-1.09712995831587,2.22921100506833
1992,-0.042391691405396,-0.676857679428457
1993,0.532816619878108,1.07189991160396
1994,-0.875749513848433,0.306976070800827
1995,-0.064692682965597,-0.193261448180019
1996,-0.592897266638026,0.959903778380951
1997,0.491736158023312,0.962440941600408
1998,-1.36628959789578,1.13634780211839
1999,0.45479275095167,1.44355954907915
2000,-0.260791023530231,1.17361882115871
2001,0.711904270642544,1.12379131964218
2002,-1.03959878223276,0.947872989133474
2003,-0.542078252494571,-1.14927118778683
2004,-0.81953364964485,-0.443882482245704
2005,-1.43703910274116,0.520055039806928
2006,-0.683610947749715,0.051891816985713
2007,-0.998333624864559,0.51974611071479
2008,-0.685011206083749,0.882099055923736
2009,-0.377348182168916,0.15329664123793
2010,-0.703060398463766,1.46692432151419
2011,0.274794688358404,0.421656589707993
2012,-0.588958384342779,2.01757982692947
2013,7.24918299224747,-1.29583940016765
2014,-1.33014915591453,0.360519334972304
2015,-0.679339687737682,1.03879115170211
2016,6.20809450630779,-0.19007242923311
2017,-1.19415198673465,1.72781872700582
2018,-0.889451259315381,2.34133709325942
2019,1.42256246728185,2.43024534799796
2020,-0.320379841129425,2.525982599314
2021,2.37129370376686,2.26625864465671
2022,-0.757996656344579,-0.027340839180474
2023,7.24918299224747,-1.29583940016765
2024,-0.380613260489298,2.22458904649731
2025,-0.704577124142885,1.90149110175679
2026,1.97436652154476,2.63395641458568
2027,0.21416484500666,2.3097119044388
2028,7.24918299224747,-1.29583940016765
2029,0.452741499288713,2.40831325822448
2030,-0.83288931472125,0.450492936904385
2031,7.24918299224747,-1.29583940016765
2032,7.24918299224747,-1.29583940016765
2033,7.24918299224747,-1.29583940016765
2034,6.11881887352344,-0.99844909807693
2035,-0.773976164247007,2.53186105740402
2036,5.54315176666196,-1.99257681880242
2037,-0.166319305673924,2.16052501773772
2038,-0.881408176191104,-0.223127328778243
2039,-0.376739379080433,2.50644384558476
2040,-0.030421994113191,3.29242155240283
2041,-0.465091512750629,1.06834792025642
2042,-0.894897536425331,1.31854846043108
2043,-0.517508337557073,0.840144109992033
2044,1.68869692882745,2.08008707466779
2045,-0.55677040714495,1.14863125912146
2046,0.048248368195324,1.40354659517719
2047,1.97436652154476,2.63395641458568
2048,0.136415354642109,2.43155350086888
2049,7.24918299224747,-1.29583940016765
2050,-0.149085264753458,1.31584374074578
2051,-0.089697843526065,1.44312109214216
2052,-0.119625462077415,1.46185410625487
2053,-1.04479860513156,2.15038749496453
2054,0.533477476200727,2.65784298781229
2055,-0.309992551745573,2.06691737305102
2056,-0.751765149163681,2.08827185274918
2057,7.24918299224747,-1.29583940016765
2058,7.24918299224747,-1.29583940016765
2059,7.24918299224747,-1.29583940016765
2060,-0.733592604830182,-0.008801055576646
2061,-0.541800178476369,0.683446790906723
2062,0.310567525643866,2.59814229592593
2063,7.24918299224747,-1.29583940016765
2064,0.298375790745669,3.72739214872793
2065,-0.602120353027829,1.48323980856221
2066,0.076164121181118,-0.254981281259436
2067,7.24918299224747,-1.29583940016765
2068,-0.482368191055784,2.5145012481559
2069,7.24918299224747,-1.29583940016765
2070,-1.12070852957244,2.51718060953613
2071,7.24918299224747,-1.29583940016765
2072,7.24918299224747,-1.29583940016765
2073,-0.587849512793431,1.92679487359659
2074,7.24918299224747,-1.29583940016765
2075,6.88931743358839,-1.0663568275786
2076,-0.806900426415651,2.27259538205965
2077,-0.031045823907879,1.21728626270187
2078,5.31504883055795,-1.82014466339891
2079,5.22872255557825,-2.06980283544833
2080,-0.030421994113191,3.29242155240283
2081,7.24918299224747,-1.29583940016765
2082,0.271129584406568,2.44312262562518
2083,7.24918299224747,-1.29583940016765
2084,6.67351588538598,-2.28996712089314
2085,-1.29360812266423,2.35367904091324
2086,7.24918299224747,-1.29583940016765
2087,7.24918299224747,-1.29583940016765
2088,-0.453264129362394,2.29298372593299
2089,-0.733342130477242,-0.194358147969577
2090,-0.038314689849039,2.04502036856524
2091,7.24918299224747,-1.29583940016765
2092,7.24918299224747,-1.29583940016765
2093,1.68869692882745,2.08008707466779
2094,7.24918299224747,-1.29583940016765
2095,-0.030421994113191,3.29242155240283
2096,-0.030421994113191,3.29242155240283
2097,-0.421553134400811,2.40879378763524
2098,0.333135973365301,2.40495713666371
2099,-1.45210051371414,0.332373400326729
2100,4.34503687296155,0.58787766857293
2101,2.00774356006167,3.12466915611936
2102,-0.133893007541525,2.0383331315024
2103,6.20809450630779,-0.19007242923311
2104,0.510920045002437,2.19579572923818
2105,7.24918299224747,-1.29583940016765
2106,4.97564837823916,-1.82227531671106
2107,2.00774356006167,3.12466915611936
2108,7.24918299224747,-1.29583940016765
2109,-1.03868031061873,1.56979999411698
2110,-0.332094444145937,-1.53231159850915
2111,0.01476378127836,1.41565499989563
2112,7.24918299224747,-1.29583940016765
2113,7.24918299224747,-1.29583940016765
2114,-0.792700828360061,0.068814680885929
2115,3.79023182463098,2.41545365939644
2116,7.24918299224747,-1.29583940016765
2117,-0.030421994113191,3.29242155240283
2118,6.88931743358839,-1.0663568275786
2119,0.5869499286732,2.61056497158545
2120,7.24918299224747,-1.29583940016765
2121,-0.871533597729589,-0.213786010739957
2122,7.24918299224747,-1.29583940016765
2123,-0.205253947508676,2.99913732947625
2124,7.24918299224747,-1.29583940016765
2125,-0.287164827427216,2.24977131549041
2126,-0.377660027906424,2.52519686531957
2127,7.24918299224747,-1.29583940016765
2128,-0.307141287781495,2.73665917557124
2129,6.45692928484658,0.144160693949529
2130,-0.518794026229899,1.65606465929425
2131,-0.360786909690423,1.04310962799911
2132,2.37129370376686,2.26625864465671
2133,0.379959899855189,2.63328734710166
2134,-0.352765984169939,2.38922156209896
2135,0.192576227967378,2.69594889163359
2136,-1.12402597418289,3.46540305464978
2137,0.137895210136983,0.733790255776472
2138,0.415549323504862,2.48658659955984
2139,2.00774356006167,3.12466915611936
2140,2.37129370376686,2.26625864465671
2141,-1.47734253731903,0.089873226553389
2142,-0.747214219957382,2.39988017597682
2143,7.24918299224747,-1.29583940016765
2144,7.24918299224747,-1.29583940016765
2145,-0.432044983717802,2.56837149945874
2146,4.48137528737488,1.35502711674692
2147,-0.868063437246478,1.38409153639558
2148,-0.834624130785496,0.007459265245997
2149,0.405707669107268,0.002884844120629
2150,1.91145323121389,2.97944228344622
2151,-0.379162717591023,2.88250121846904
2152,7.24918299224747,-1.29583940016765
2153,5.66659836819126,-0.89097394463518
2154,7.24918299224747,-1.29583940016765
2155,0.384044689323856,2.47126261159217
2156,4.99850506114924,-2.64627580716278
2157,7.24918299224747,-1.29583940016765
2158,-0.956719078885727,2.39432069185414
2159,0.913878936624239,2.93652748915206
2160,5.66659836819126,-0.89097394463518
2161,7.24918299224747,-1.29583940016765
2162,0.198233189940876,1.71583954352
2163,2.00774356006167,3.12466915611936
2164,-0.27174188169541,2.21263766716736
2165,5.54315176666196,-1.99257681880242
2166,0.021292075394319,1.50459959432713
2167,-0.41309133043801,0.008583011372752
2168,6.48170301539323,-1.59988167187974
2169,7.24918299224747,-1.29583940016765
2170,-1.22652374183088,2.14697139417955
2171,7.24918299224747,-1.29583940016765
2172,-0.838169862153042,1.57237016382765
2173,-0.389883319606437,2.60919205218256
2174,6.23533868929149,-1.61138333857203
2175,4.97715184010885,-0.802545584084953
2176,1.97436652154476,2.63395641458568
2177,-1.09924251924409,1.39631953671489
2178,-0.40289947037547,2.47913390876425
2179,-1.57369635970995,1.52863957826779
2180,7.24918299224747,-1.29583940016765
2181,-0.655220089670231,2.34084538779651
2182,7.24918299224747,-1.29583940016765
2183,7.24918299224747,-1.29583940016765
2184,2.00774356006167,3.12466915611936
2185,-0.509133070714791,2.75320753316303
2186,-0.866691981198501,2.22633218375909
2187,5.23531018500814,-1.47568093471173
2188,-0.766728361705833,-0.076335539359945
2189,7.24918299224747,-1.29583940016765
2190,0.030859549356504,2.305373244906
2191,7.24918299224747,-1.29583940016765
2192,2.37129370376686,2.26625864465671
2193,4.37598100155473,-1.12851895395332
2194,7.24918299224747,-1.29583940016765
2195,-0.287039048942506,1.91270622013734
2196,-0.436105737400073,1.33544451980879
2197,-0.624650403126132,1.94446570667869
2198,-0.250490365326502,2.28655233149872
2199,0.645395540072765,2.39368613035201
2200,-0.030421994113191,3.29242155240283
2201,-0.326135019554575,2.28365680676934
2202,-1.78437516206558,1.36255198417471
2203,-1.19446434255444,2.15445232475343
2204,4.96461656425519,-0.796835317786995
2205,7.24918299224747,-1.29583940016765
2206,-0.283693051482841,1.7522858917873
2207,-1.04718166161847,2.17168741198716
2208,-1.12070852957244,2.51718060953613
2209,-0.819763781442166,2.12414083549423
2210,-0.332094444145937,-1.53231159850915
2211,7.24918299224747,-1.29583940016765
2212,-1.31724334849733,2.10599336885464
2213,-1.25309416332537,1.60152176387081
2214,-0.030421994113191,3.29242155240283
2215,0.298843228591285,2.28560694586098
2216,7.24918299224747,-1.29583940016765
2217,2.00774356006167,3.12466915611936
2218,7.24918299224747,-1.29583940016765
2219,7.24918299224747,-1.29583940016765
2220,-1.63320313207704,-0.557715089559765
2221,5.66659836819126,-0.89097394463518
2222,-0.081125477166094,0.001076071454221
2223,0.171534065293691,1.89274641721571
2224,-0.739933934056635,2.24241927406463
2225,0.211090594550307,2.49383277034292
2226,5.66659836819126,-0.89097394463518
2227,6.74419422208294,-1.36869476358444
2228,2.37129370376686,2.26625864465671
2229,7.24918299224747,-1.29583940016765
2230,-1.65540055452052,2.02388461446131
2231,-0.724558696055295,1.64453192011711
2232,-1.37666478251001,1.33605205231203
2233,-0.477020920835448,0.770230814542813
2234,7.24918299224747,-1.29583940016765
2235,7.24918299224747,-1.29583940016765
2236,2.00774356006167,3.12466915611936
2237,5.73939334418134,-0.401987293089562
2238,2.00774356006167,3.12466915611936
2239,-0.758883237222583,2.74511084861672
2240,0.379913636112611,-3.63012727857258
2241,2.00774356006167,3.12466915611936
2242,4.61170984562811,1.39868680998528
2243,-0.869178730763868,2.34390412211452
2244,7.24918299224747,-1.29583940016765
2245,-1.8661055475029,1.5211023731163
2246,-0.163319527056373,2.53550678048189
2247,-0.949956470691001,0.166923486232338
2248,7.24918299224747,-1.29583940016765
2249,-0.941775772024976,2.14623739655006
2250,-0.739837949034526,2.463873098138
2251,0.342296536530109,2.62001822102403
2252,-0.218603618746664,1.65744384524606
2253,7.24918299224747,-1.29583940016765
2254,2.00774356006167,3.12466915611936
2255,0.198233189940876,1.71583954352
2256,5.54315176666196,-1.99257681880242
2257,1.91145323121389,2.97944228344622
2258,-0.667809708809196,2.3247299215327
2259,2.00774356006167,3.12466915611936
2260,7.24918299224747,-1.29583940016765
2261,7.24918299224747,-1.29583940016765
2262,3.05266331350519,0.696940298779034
2263,2.33949173870624,0.532760763989288
2264,6.67317098794769,-1.11038230052385
2265,1.68869692882745,2.08008707466779
2266,1.97436652154476,2.63395641458568
2267,7.24918299224747,-1.29583940016765
2268,0.40448698170773,1.54331874839037
2269,7.24918299224747,-1.29583940016765
2270,-0.549609456401797,2.82134217564323
2271,7.24918299224747,-1.29583940016765
2272,-0.030421994113191,3.29242155240283
2273,5.66659836819126,-0.89097394463518
2274,-0.490700868237427,3.02534354145871
2275,6.67351588538598,-2.28996712089314
2276,7.24918299224747,-1.29583940016765
2277,3.79023182463098,2.41545365939644
2278,7.24918299224747,-1.29583940016765
2279,7.24918299224747,-1.29583940016765
2280,4.37598100155473,-1.12851895395332
2281,7.23826908697152,-2.20322047296025
2282,-0.739933934056635,2.24241927406463
2283,1.91145323121389,2.97944228344622
2284,-0.838408593699476,1.61299763893833
2285,-0.775055267996384,1.95156205308989
2286,7.24918299224747,-1.29583940016765
2287,7.24918299224747,-1.29583940016765
2288,-0.499981135166309,-0.919129559938152
2289,-0.367109178958232,-0.981721953444209
2290,-0.445267287522768,-0.970788692620976
2291,-1.7197995146736,0.409923598942657
2292,-0.422910328585947,-0.944118510204133
2293,-0.218917400879026,-1.34672893061071
2294,-0.525455459445775,1.92281038387071
2295,-0.320483887217654,2.46114396831275
2296,0.199580210570362,3.14447313184899
2297,-0.153208531990668,2.39401368324831
2298,-1.35745847900044,1.49629154718003
2299,-0.281681741542825,2.26957413403892
2300,-0.405076034553489,2.53847119452279
2301,-0.183300694510972,2.72329954458722
2302,-1.09518911340242,1.19725581955739
2303,0.097701610442739,2.56994970605027
2304,-4.10476625297874,0.426790151334534
2305,-0.349616940894319,2.1075333062201
2306,-0.223767418518245,2.60299985575541
2307,-1.17705536633602,2.22727761643662
2308,-1.18382606602941,2.22246144427347
2309,-0.396309338433919,-1.18046161045748
2310,-0.441615063379869,-1.18464334370158
2311,-0.402689787365036,-1.05762114037098
2312,-0.386310997898349,-1.05118529818458
2313,-0.254590022348042,-1.10417783569107
2314,-0.37733125848143,-1.1862419638926
2315,-0.468485525002481,-0.980932616655871
2316,0.232199838493008,3.11895663306577
2317,-0.232327705188887,-1.05566780690324
2318,-0.282657871281056,-1.09322099230951
2319,-0.248489303533866,-0.704141965558016
2320,-0.146966965037099,-0.735125970114043
2321,-0.314214425359439,-1.07533479119231
2322,-0.238641709982635,-1.11468845939187
2323,-0.254454294361821,-1.03775233167271
2324,-0.323589848755003,-0.632553728155083
2325,-0.296159724524649,-0.920724363353202
2326,-0.291111496804436,-0.840293851242769
2327,-0.400010247141004,-0.942945852668591
2328,-0.232504312458571,-0.931816607298771
2329,-0.33638763517473,-0.909697538657293
2330,-0.334821310893522,-0.918396474268124
2331,-0.280904630825901,-0.8907007276044
2332,-0.439080396188167,-0.915832711622637
2333,-0.280900721053824,-0.89533317459189
2334,-0.32191659766413,-0.955157736469515
2335,-0.319244252756729,-0.918172218131587
2336,-0.280371731827775,-0.926840998872332
2337,-0.33376711014725,-0.810240722713021
2338,-0.18396277826386,-0.827898910924715
2339,-0.289473308857154,-0.976990562028175
2340,0.698431525276173,0.442818946431752
